Latitude,Longitude,Bedrooms,Bath,Floor_area (sqm),brgy_area_sqm,city_pop,Price (PHP),Food_Count,Education_Count,Healthcare_Count,Public_Services_Count,Finance_Count,Transportation_Count
14.588716,121.060009,1,1,82.0,816847.128678576,803159,27448000.0,71.0,4.0,5.0,0.0,63.0,8.0
14.588377,121.059897,1,1,70.0,816847.128678576,803159,26930000.0,71.0,4.0,5.0,0.0,63.0,8.0
14.588377,121.059897,1,1,70.0,816847.128678576,803159,27611000.0,71.0,4.0,5.0,0.0,63.0,8.0
14.583771,121.059675,2,2,87.0,816847.128678576,803159,22595200.0,71.0,4.0,5.0,0.0,63.0,8.0
14.588377,121.059897,1,1,74.0,816847.128678576,803159,26849000.0,71.0,4.0,5.0,0.0,63.0,8.0
14.588377,121.059897,1,1,74.0,816847.128678576,803159,26840000.0,71.0,4.0,5.0,0.0,63.0,8.0
14.588377,121.059897,1,1,70.0,816847.128678576,803159,27046000.0,71.0,4.0,5.0,0.0,63.0,8.0
14.588377,121.059897,1,1,74.0,816847.128678576,803159,26849000.0,71.0,4.0,5.0,0.0,63.0,8.0
14.588377,121.059897,1,1,74.0,816847.128678576,803159,26840000.0,71.0,4.0,5.0,0.0,63.0,8.0
14.588377,121.059897,1,1,70.0,816847.128678576,803159,27046000.0,71.0,4.0,5.0,0.0,63.0,8.0
14.583771,121.059675,2,2,74.0,816847.128678576,803159,17641900.0,71.0,4.0,5.0,0.0,63.0,8.0
14.583771,121.059675,1,1,46.0,816847.128678576,803159,9833600.0,71.0,4.0,5.0,0.0,63.0,8.0
14.583771,121.059675,1,1,37.0,816847.128678576,803159,8876973.0,71.0,4.0,5.0,0.0,63.0,8.0
14.588716,121.060009,1,1,93.0,816847.128678576,803159,32200000.0,71.0,4.0,5.0,0.0,63.0,8.0
14.588377,121.059897,2,2,114.0,816847.128678576,803159,42162000.0,71.0,4.0,5.0,0.0,63.0,8.0
14.588377,121.059897,2,2,114.0,816847.128678576,803159,42383000.0,71.0,4.0,5.0,0.0,63.0,8.0
14.583771,121.059675,3,2,102.0,816847.128678576,803159,24721800.0,71.0,4.0,5.0,0.0,63.0,8.0
14.583771,121.059675,1,1,51.0,816847.128678576,803159,10976000.0,71.0,4.0,5.0,0.0,63.0,8.0
14.588377,121.059897,2,2,114.0,816847.128678576,803159,45668000.0,71.0,4.0,5.0,0.0,63.0,8.0
14.583771,121.059675,1,1,52.0,816847.128678576,803159,11300800.0,71.0,4.0,5.0,0.0,63.0,8.0
14.588377,121.059897,4,4,409.0,816847.128678576,803159,175265000.0,71.0,4.0,5.0,0.0,63.0,8.0
14.583771,121.059675,1,1,59.0,816847.128678576,803159,14632000.0,71.0,4.0,5.0,0.0,63.0,8.0
14.588377,121.059897,2,2,114.0,816847.128678576,803159,42359000.0,71.0,4.0,5.0,0.0,63.0,8.0
14.588377,121.059897,4,4,268.0,816847.128678576,803159,111512000.0,71.0,4.0,5.0,0.0,63.0,8.0
14.5808822,121.05885,3,1,211.0,816847.128678576,803159,50085329.0,71.0,4.0,5.0,0.0,63.0,8.0
14.5808822,121.05885,1,1,78.0,816847.128678576,803159,21037273.0,71.0,4.0,5.0,0.0,63.0,8.0
14.588377,121.059897,1,1,69.0,816847.128678576,803159,28624000.0,71.0,4.0,5.0,0.0,63.0,8.0
14.583771,121.059675,2,2,87.0,816847.128678576,803159,22595200.0,71.0,4.0,5.0,0.0,63.0,8.0
14.583771,121.059675,1,1,46.0,816847.128678576,803159,10752000.0,71.0,4.0,5.0,0.0,63.0,8.0
14.583771,121.059675,2,2,74.0,816847.128678576,803159,17799600.0,71.0,4.0,5.0,0.0,63.0,8.0
14.583771,121.059675,3,2,98.0,816847.128678576,803159,22111600.0,71.0,4.0,5.0,0.0,63.0,8.0
14.583771,121.059675,3,2,108.0,816847.128678576,803159,23914800.0,71.0,4.0,5.0,0.0,63.0,8.0
14.583771,121.059675,3,2,110.0,816847.128678576,803159,26202400.0,71.0,4.0,5.0,0.0,63.0,8.0
14.583771,121.059675,2,2,74.0,816847.128678576,803159,17912600.0,71.0,4.0,5.0,0.0,63.0,8.0
14.583771,121.059675,3,2,98.0,816847.128678576,803159,22720700.0,71.0,4.0,5.0,0.0,63.0,8.0
14.583771,121.059675,2,2,74.0,816847.128678576,803159,17743600.0,71.0,4.0,5.0,0.0,63.0,8.0
14.588377,121.059897,2,2,109.0,816847.128678576,803159,47546000.0,71.0,4.0,5.0,0.0,63.0,8.0
14.583771,121.059675,2,2,74.0,816847.128678576,803159,17641900.0,71.0,4.0,5.0,0.0,63.0,8.0
14.583771,121.059675,1,1,47.0,816847.128678576,803159,11054400.0,71.0,4.0,5.0,0.0,63.0,8.0
14.588377,121.059897,1,1,69.0,816847.128678576,803159,28593000.0,71.0,4.0,5.0,0.0,63.0,8.0
14.583771,121.059675,2,2,74.0,816847.128678576,803159,17641900.0,71.0,4.0,5.0,0.0,63.0,8.0
14.583771,121.059675,1,1,42.0,816847.128678576,803159,9576000.0,71.0,4.0,5.0,0.0,63.0,8.0
14.588716,121.060009,1,1,115.0,816847.128678576,803159,39999000.0,71.0,4.0,5.0,0.0,63.0,8.0
14.583771,121.059675,1,1,42.0,816847.128678576,803159,9576000.0,71.0,4.0,5.0,0.0,63.0,8.0
14.588716,121.060009,1,1,93.0,816847.128678576,803159,32795000.0,71.0,4.0,5.0,0.0,63.0,8.0
14.588716,121.060009,1,1,93.0,816847.128678576,803159,31409000.0,71.0,4.0,5.0,0.0,63.0,8.0
14.588377,121.059897,2,2,114.0,816847.128678576,803159,42022000.0,71.0,4.0,5.0,0.0,63.0,8.0
14.588377,121.059897,2,2,114.0,816847.128678576,803159,42022000.0,71.0,4.0,5.0,0.0,63.0,8.0
14.583771,121.059675,1,1,47.0,816847.128678576,803159,11054400.0,71.0,4.0,5.0,0.0,63.0,8.0
14.583771,121.059675,1,1,44.0,816847.128678576,803159,10998400.0,71.0,4.0,5.0,0.0,63.0,8.0
14.583771,121.059675,1,1,64.0,816847.128678576,803159,17363800.0,71.0,4.0,5.0,0.0,63.0,8.0
14.588377,121.059897,2,2,109.0,816847.128678576,803159,48572000.0,71.0,4.0,5.0,0.0,63.0,8.0
14.588377,121.059897,2,2,114.0,816847.128678576,803159,42229000.0,71.0,4.0,5.0,0.0,63.0,8.0
14.583771,121.059675,3,2,102.0,816847.128678576,803159,24586800.0,71.0,4.0,5.0,0.0,63.0,8.0
14.583771,121.059675,3,2,113.0,816847.128678576,803159,27414000.0,71.0,4.0,5.0,0.0,63.0,8.0
14.588377,121.059897,2,2,109.0,816847.128678576,803159,44056000.0,71.0,4.0,5.0,0.0,63.0,8.0
14.583771,121.059675,3,2,98.0,816847.128678576,803159,22111600.0,71.0,4.0,5.0,0.0,63.0,8.0
14.583771,121.059675,1,1,44.0,816847.128678576,803159,10998400.0,71.0,4.0,5.0,0.0,63.0,8.0
14.588377,121.059897,2,2,112.0,816847.128678576,803159,45015000.0,71.0,4.0,5.0,0.0,63.0,8.0
14.588377,121.059897,1,1,70.0,816847.128678576,803159,27329000.0,71.0,4.0,5.0,0.0,63.0,8.0
14.583771,121.059675,3,2,98.0,816847.128678576,803159,22111600.0,71.0,4.0,5.0,0.0,63.0,8.0
14.588377,121.059897,2,2,109.0,816847.128678576,803159,44056000.0,71.0,4.0,5.0,0.0,63.0,8.0
14.583771,121.059675,1,1,49.0,816847.128678576,803159,12835200.0,71.0,4.0,5.0,0.0,63.0,8.0
14.583771,121.059675,1,1,47.0,816847.128678576,803159,11054400.0,71.0,4.0,5.0,0.0,63.0,8.0
14.582707,121.061458,1,1,75.0,816847.128678576,803159,25678000.0,71.0,4.0,5.0,0.0,63.0,8.0
14.588377,121.059897,1,1,70.0,816847.128678576,803159,26705000.0,71.0,4.0,5.0,0.0,63.0,8.0
14.588377,121.059897,4,4,317.0,816847.128678576,803159,128592000.0,71.0,4.0,5.0,0.0,63.0,8.0
14.5808822,121.05885,1,1,67.0,816847.128678576,803159,17003470.0,71.0,4.0,5.0,0.0,63.0,8.0
14.588716,121.060009,1,1,95.0,816847.128678576,803159,33345000.0,71.0,4.0,5.0,0.0,63.0,8.0
14.583771,121.059675,3,2,108.0,816847.128678576,803159,23982600.0,71.0,4.0,5.0,0.0,63.0,8.0
14.588377,121.059897,2,2,114.0,816847.128678576,803159,42217000.0,71.0,4.0,5.0,0.0,63.0,8.0
14.583771,121.059675,1,1,47.0,816847.128678576,803159,11054400.0,71.0,4.0,5.0,0.0,63.0,8.0
14.583771,121.059675,3,2,98.0,816847.128678576,803159,22111600.0,71.0,4.0,5.0,0.0,63.0,8.0
14.588377,121.059897,2,2,114.0,816847.128678576,803159,42217000.0,71.0,4.0,5.0,0.0,63.0,8.0
14.583771,121.059675,3,2,98.0,816847.128678576,803159,22111600.0,71.0,4.0,5.0,0.0,63.0,8.0
14.583771,121.059675,1,1,47.0,816847.128678576,803159,11054400.0,71.0,4.0,5.0,0.0,63.0,8.0
14.5808822,121.05885,2,1,126.0,816847.128678576,803159,31083715.0,71.0,4.0,5.0,0.0,63.0,8.0
14.5808822,121.05885,2,1,160.0,816847.128678576,803159,41479493.0,71.0,4.0,5.0,0.0,63.0,8.0
14.588716,121.060009,1,1,93.0,816847.128678576,803159,31218000.0,71.0,4.0,5.0,0.0,63.0,8.0
14.583771,121.059675,1,1,50.0,816847.128678576,803159,12925800.0,71.0,4.0,5.0,0.0,63.0,8.0
14.583771,121.059675,1,1,51.0,816847.128678576,803159,10908800.0,71.0,4.0,5.0,0.0,63.0,8.0
14.588716,121.060009,1,1,82.0,816847.128678576,803159,27408000.0,71.0,4.0,5.0,0.0,63.0,8.0
14.588716,121.060009,1,1,111.0,816847.128678576,803159,38824000.0,71.0,4.0,5.0,0.0,63.0,8.0
14.588716,121.060009,1,1,82.0,816847.128678576,803159,25284000.0,71.0,4.0,5.0,0.0,63.0,8.0
14.588716,121.060009,1,1,93.0,816847.128678576,803159,31991000.0,71.0,4.0,5.0,0.0,63.0,8.0
14.588716,121.060009,1,1,82.0,816847.128678576,803159,27608000.0,71.0,4.0,5.0,0.0,63.0,8.0
14.588716,121.060009,1,1,93.0,816847.128678576,803159,31632000.0,71.0,4.0,5.0,0.0,63.0,8.0
14.588716,121.060009,1,1,95.0,816847.128678576,803159,33297000.0,71.0,4.0,5.0,0.0,63.0,8.0
14.583771,121.059675,1,1,52.0,816847.128678576,803159,12962200.0,71.0,4.0,5.0,0.0,63.0,8.0
14.588377,121.059897,2,2,114.0,816847.128678576,803159,42045000.0,71.0,4.0,5.0,0.0,63.0,8.0
14.583771,121.059675,1,1,48.0,816847.128678576,803159,11345600.0,71.0,4.0,5.0,0.0,63.0,8.0
14.583771,121.059675,1,1,47.0,816847.128678576,803159,11783400.0,71.0,4.0,5.0,0.0,63.0,8.0
14.583771,121.059675,1,1,48.0,816847.128678576,803159,11379200.0,71.0,4.0,5.0,0.0,63.0,8.0
14.583771,121.059675,1,1,52.0,816847.128678576,803159,13096600.0,71.0,4.0,5.0,0.0,63.0,8.0
14.588377,121.059897,2,2,114.0,816847.128678576,803159,42559000.0,71.0,4.0,5.0,0.0,63.0,8.0
14.583771,121.059675,2,2,73.0,816847.128678576,803159,17530800.0,71.0,4.0,5.0,0.0,63.0,8.0
14.588377,121.059897,2,2,114.0,816847.128678576,803159,41821000.0,71.0,4.0,5.0,0.0,63.0,8.0
14.583771,121.059675,1,1,47.0,816847.128678576,803159,11088000.0,71.0,4.0,5.0,0.0,63.0,8.0
14.583771,121.059675,1,1,52.0,816847.128678576,803159,12962200.0,71.0,4.0,5.0,0.0,63.0,8.0
14.588716,121.060009,1,1,82.0,816847.128678576,803159,27608000.0,71.0,4.0,5.0,0.0,63.0,8.0
14.588716,121.060009,1,1,82.0,816847.128678576,803159,25284000.0,71.0,4.0,5.0,0.0,63.0,8.0
14.588716,121.060009,1,1,108.0,816847.128678576,803159,37366000.0,71.0,4.0,5.0,0.0,63.0,8.0
14.583771,121.059675,1,1,48.0,816847.128678576,803159,11379200.0,71.0,4.0,5.0,0.0,63.0,8.0
14.583771,121.059675,2,2,73.0,816847.128678576,803159,17530800.0,71.0,4.0,5.0,0.0,63.0,8.0
14.588377,121.059897,2,2,114.0,816847.128678576,803159,41821000.0,71.0,4.0,5.0,0.0,63.0,8.0
14.588377,121.059897,2,2,114.0,816847.128678576,803159,42559000.0,71.0,4.0,5.0,0.0,63.0,8.0
14.588377,121.059897,1,1,70.0,816847.128678576,803159,27110000.0,71.0,4.0,5.0,0.0,63.0,8.0
14.588716,121.060009,1,1,113.0,816847.128678576,803159,41710000.0,71.0,4.0,5.0,0.0,63.0,8.0
14.588716,121.060009,1,1,90.0,816847.128678576,803159,31079000.0,71.0,4.0,5.0,0.0,63.0,8.0
14.588377,121.059897,1,1,69.0,816847.128678576,803159,27961000.0,71.0,4.0,5.0,0.0,63.0,8.0
14.583771,121.059675,1,1,47.0,816847.128678576,803159,11088000.0,71.0,4.0,5.0,0.0,63.0,8.0
14.583771,121.059675,1,1,57.0,816847.128678576,803159,12230400.0,71.0,4.0,5.0,0.0,63.0,8.0
14.588716,121.060009,1,1,114.0,816847.128678576,803159,41161000.0,71.0,4.0,5.0,0.0,63.0,8.0
14.588377,121.059897,2,2,114.0,816847.128678576,803159,42305000.0,71.0,4.0,5.0,0.0,63.0,8.0
14.588716,121.060009,1,1,93.0,816847.128678576,803159,31403000.0,71.0,4.0,5.0,0.0,63.0,8.0
14.583771,121.059675,1,1,59.0,816847.128678576,803159,15672600.0,71.0,4.0,5.0,0.0,63.0,8.0
14.583771,121.059675,1,1,64.0,816847.128678576,803159,17363800.0,71.0,4.0,5.0,0.0,63.0,8.0
14.583771,121.059675,1,1,48.0,816847.128678576,803159,11323200.0,71.0,4.0,5.0,0.0,63.0,8.0
14.588377,121.059897,2,2,109.0,816847.128678576,803159,44555000.0,71.0,4.0,5.0,0.0,63.0,8.0
14.583771,121.059675,1,1,44.0,816847.128678576,803159,11177600.0,71.0,4.0,5.0,0.0,63.0,8.0
14.583771,121.059675,2,2,74.0,816847.128678576,803159,17912600.0,71.0,4.0,5.0,0.0,63.0,8.0
14.588716,121.060009,1,1,108.0,816847.128678576,803159,37825000.0,71.0,4.0,5.0,0.0,63.0,8.0
14.583771,121.059675,1,1,44.0,816847.128678576,803159,11267200.0,71.0,4.0,5.0,0.0,63.0,8.0
14.583771,121.059675,1,1,52.0,816847.128678576,803159,11188800.0,71.0,4.0,5.0,0.0,63.0,8.0
14.588377,121.059897,1,1,74.0,816847.128678576,803159,26593000.0,71.0,4.0,5.0,0.0,63.0,8.0
14.583771,121.059675,3,2,102.0,816847.128678576,803159,24856700.0,71.0,4.0,5.0,0.0,63.0,8.0
14.583771,121.059675,1,1,58.0,816847.128678576,803159,12488000.0,71.0,4.0,5.0,0.0,63.0,8.0
14.583771,121.059675,1,1,48.0,816847.128678576,803159,11345600.0,71.0,4.0,5.0,0.0,63.0,8.0
14.583771,121.059675,1,1,44.0,816847.128678576,803159,11144000.0,71.0,4.0,5.0,0.0,63.0,8.0
14.583771,121.059675,1,1,57.0,816847.128678576,803159,12196800.0,71.0,4.0,5.0,0.0,63.0,8.0
14.583771,121.059675,1,1,52.0,816847.128678576,803159,13209600.0,71.0,4.0,5.0,0.0,63.0,8.0
14.583771,121.059675,1,1,52.0,816847.128678576,803159,11188800.0,71.0,4.0,5.0,0.0,63.0,8.0
14.583771,121.059675,1,1,44.0,816847.128678576,803159,11144000.0,71.0,4.0,5.0,0.0,63.0,8.0
14.583771,121.059675,1,1,49.0,816847.128678576,803159,12835200.0,71.0,4.0,5.0,0.0,63.0,8.0
14.588377,121.059897,1,1,69.0,816847.128678576,803159,28366000.0,71.0,4.0,5.0,0.0,63.0,8.0
14.583771,121.059675,1,1,44.0,816847.128678576,803159,11144000.0,71.0,4.0,5.0,0.0,63.0,8.0
14.583771,121.059675,2,2,74.0,816847.128678576,803159,17912600.0,71.0,4.0,5.0,0.0,63.0,8.0
14.588716,121.060009,1,1,108.0,816847.128678576,803159,37825000.0,71.0,4.0,5.0,0.0,63.0,8.0
14.583771,121.059675,1,1,59.0,816847.128678576,803159,14474200.0,71.0,4.0,5.0,0.0,63.0,8.0
14.583771,121.059675,1,1,58.0,816847.128678576,803159,12488000.0,71.0,4.0,5.0,0.0,63.0,8.0
14.583771,121.059675,1,1,57.0,816847.128678576,803159,12196800.0,71.0,4.0,5.0,0.0,63.0,8.0
14.583771,121.059675,1,1,48.0,816847.128678576,803159,11345600.0,71.0,4.0,5.0,0.0,63.0,8.0
14.583771,121.059675,1,1,44.0,816847.128678576,803159,11144000.0,71.0,4.0,5.0,0.0,63.0,8.0
14.583771,121.059675,1,1,52.0,816847.128678576,803159,13209600.0,71.0,4.0,5.0,0.0,63.0,8.0
14.583771,121.059675,1,1,46.0,816847.128678576,803159,10752000.0,71.0,4.0,5.0,0.0,63.0,8.0
14.588716,121.060009,1,1,115.0,816847.128678576,803159,40953000.0,71.0,4.0,5.0,0.0,63.0,8.0
14.583771,121.059675,1,1,47.0,816847.128678576,803159,11020800.0,71.0,4.0,5.0,0.0,63.0,8.0
14.588377,121.059897,2,2,114.0,816847.128678576,803159,42048000.0,71.0,4.0,5.0,0.0,63.0,8.0
14.588377,121.059897,1,1,69.0,816847.128678576,803159,28366000.0,71.0,4.0,5.0,0.0,63.0,8.0
14.583771,121.059675,1,1,49.0,816847.128678576,803159,12835200.0,71.0,4.0,5.0,0.0,63.0,8.0
14.583771,121.059675,1,1,52.0,816847.128678576,803159,11188800.0,71.0,4.0,5.0,0.0,63.0,8.0
14.583771,121.059675,1,1,44.0,816847.128678576,803159,11144000.0,71.0,4.0,5.0,0.0,63.0,8.0
14.588377,121.059897,1,1,70.0,816847.128678576,803159,26951000.0,71.0,4.0,5.0,0.0,63.0,8.0
14.583771,121.059675,1,1,52.0,816847.128678576,803159,11166400.0,71.0,4.0,5.0,0.0,63.0,8.0
14.583771,121.059675,1,1,52.0,816847.128678576,803159,11300800.0,71.0,4.0,5.0,0.0,63.0,8.0
14.588716,121.060009,1,1,93.0,816847.128678576,803159,32037000.0,71.0,4.0,5.0,0.0,63.0,8.0
14.588377,121.059897,1,1,70.0,816847.128678576,803159,26777000.0,71.0,4.0,5.0,0.0,63.0,8.0
14.588716,121.060009,1,1,115.0,816847.128678576,803159,40650000.0,71.0,4.0,5.0,0.0,63.0,8.0
14.582707,121.061458,1,1,93.0,816847.128678576,803159,32795000.0,71.0,4.0,5.0,0.0,63.0,8.0
14.583771,121.059675,1,1,44.0,816847.128678576,803159,10998400.0,71.0,4.0,5.0,0.0,63.0,8.0
14.583771,121.059675,1,1,57.0,816847.128678576,803159,12196800.0,71.0,4.0,5.0,0.0,63.0,8.0
14.583771,121.059675,1,1,44.0,816847.128678576,803159,11144000.0,71.0,4.0,5.0,0.0,63.0,8.0
14.588716,121.060009,1,1,93.0,816847.128678576,803159,32037000.0,71.0,4.0,5.0,0.0,63.0,8.0
14.588716,121.060009,1,1,93.0,816847.128678576,803159,31357000.0,71.0,4.0,5.0,0.0,63.0,8.0
14.588716,121.060009,1,1,108.0,816847.128678576,803159,36903000.0,71.0,4.0,5.0,0.0,63.0,8.0
14.583771,121.059675,1,1,52.0,816847.128678576,803159,11334400.0,71.0,4.0,5.0,0.0,63.0,8.0
14.583771,121.059675,3,2,102.0,816847.128678576,803159,24586800.0,71.0,4.0,5.0,0.0,63.0,8.0
14.588716,121.060009,1,1,93.0,816847.128678576,803159,31892000.0,71.0,4.0,5.0,0.0,63.0,8.0
14.588377,121.059897,1,1,69.0,816847.128678576,803159,28012000.0,71.0,4.0,5.0,0.0,63.0,8.0
14.583771,121.059675,2,2,74.0,816847.128678576,803159,18013400.0,71.0,4.0,5.0,0.0,63.0,8.0
14.583771,121.059675,3,2,102.0,816847.128678576,803159,24586800.0,71.0,4.0,5.0,0.0,63.0,8.0
14.588377,121.059897,2,2,109.0,816847.128678576,803159,44002000.0,71.0,4.0,5.0,0.0,63.0,8.0
14.583771,121.059675,1,1,47.0,816847.128678576,803159,11088000.0,71.0,4.0,5.0,0.0,63.0,8.0
14.588716,121.060009,1,1,82.0,816847.128678576,803159,27975000.0,71.0,4.0,5.0,0.0,63.0,8.0
14.588716,121.060009,1,1,114.0,816847.128678576,803159,40859000.0,71.0,4.0,5.0,0.0,63.0,8.0
14.588377,121.059897,1,1,69.0,816847.128678576,803159,28012000.0,71.0,4.0,5.0,0.0,63.0,8.0
14.588377,121.059897,1,1,69.0,816847.128678576,803159,28080000.0,71.0,4.0,5.0,0.0,63.0,8.0
14.588377,121.059897,1,1,70.0,816847.128678576,803159,27106000.0,71.0,4.0,5.0,0.0,63.0,8.0
14.588377,121.059897,1,1,74.0,816847.128678576,803159,26767000.0,71.0,4.0,5.0,0.0,63.0,8.0
14.588716,121.060009,1,1,77.0,816847.128678576,803159,27516000.0,71.0,4.0,5.0,0.0,63.0,8.0
14.583771,121.059675,1,1,48.0,816847.128678576,803159,12263600.0,71.0,4.0,5.0,0.0,63.0,8.0
14.583771,121.059675,1,1,58.0,816847.128678576,803159,14103600.0,71.0,4.0,5.0,0.0,63.0,8.0
14.583771,121.059675,2,2,74.0,816847.128678576,803159,17743600.0,71.0,4.0,5.0,0.0,63.0,8.0
14.588716,121.060009,1,1,106.0,816847.128678576,803159,36089000.0,71.0,4.0,5.0,0.0,63.0,8.0
14.583771,121.059675,2,2,74.0,816847.128678576,803159,17855600.0,71.0,4.0,5.0,0.0,63.0,8.0
14.583771,121.059675,1,1,43.0,816847.128678576,803159,11619300.0,71.0,4.0,5.0,0.0,63.0,8.0
14.583771,121.059675,1,1,57.0,816847.128678576,803159,12230400.0,71.0,4.0,5.0,0.0,63.0,8.0
14.582707,121.061458,1,1,93.0,816847.128678576,803159,31632000.0,71.0,4.0,5.0,0.0,63.0,8.0
14.582707,121.061458,1,1,93.0,816847.128678576,803159,31939000.0,71.0,4.0,5.0,0.0,63.0,8.0
14.588716,121.060009,1,1,93.0,816847.128678576,803159,32651000.0,71.0,4.0,5.0,0.0,63.0,8.0
14.588716,121.060009,1,1,115.0,816847.128678576,803159,40422000.0,71.0,4.0,5.0,0.0,63.0,8.0
14.588716,121.060009,1,1,93.0,816847.128678576,803159,31449000.0,71.0,4.0,5.0,0.0,63.0,8.0
14.583771,121.059675,1,1,46.0,816847.128678576,803159,10752000.0,71.0,4.0,5.0,0.0,63.0,8.0
14.583771,121.059675,1,1,44.0,816847.128678576,803159,11110400.0,71.0,4.0,5.0,0.0,63.0,8.0
14.588377,121.059897,1,1,74.0,816847.128678576,803159,27006000.0,71.0,4.0,5.0,0.0,63.0,8.0
14.588716,121.060009,1,1,93.0,816847.128678576,803159,31449000.0,71.0,4.0,5.0,0.0,63.0,8.0
14.583771,121.059675,1,1,44.0,816847.128678576,803159,11110400.0,71.0,4.0,5.0,0.0,63.0,8.0
14.588377,121.059897,2,2,114.0,816847.128678576,803159,46469000.0,71.0,4.0,5.0,0.0,63.0,8.0
14.588377,121.059897,1,1,74.0,816847.128678576,803159,27006000.0,71.0,4.0,5.0,0.0,63.0,8.0
14.588377,121.059897,1,1,74.0,816847.128678576,803159,26577000.0,71.0,4.0,5.0,0.0,63.0,8.0
14.583771,121.059675,1,1,44.0,816847.128678576,803159,11334400.0,71.0,4.0,5.0,0.0,63.0,8.0
14.583771,121.059675,1,1,47.0,816847.128678576,803159,11088000.0,71.0,4.0,5.0,0.0,63.0,8.0
14.588716,121.060009,1,1,108.0,816847.128678576,803159,37666000.0,71.0,4.0,5.0,0.0,63.0,8.0
14.588716,121.060009,1,1,93.0,816847.128678576,803159,32342000.0,71.0,4.0,5.0,0.0,63.0,8.0
14.583771,121.059675,1,1,46.0,816847.128678576,803159,10752000.0,71.0,4.0,5.0,0.0,63.0,8.0
14.583771,121.059675,3,2,102.0,816847.128678576,803159,24586800.0,71.0,4.0,5.0,0.0,63.0,8.0
14.583771,121.059675,1,1,59.0,816847.128678576,803159,14474200.0,71.0,4.0,5.0,0.0,63.0,8.0
14.588716,121.060009,1,1,82.0,816847.128678576,803159,27934000.0,71.0,4.0,5.0,0.0,63.0,8.0
14.588716,121.060009,1,1,93.0,816847.128678576,803159,31312000.0,71.0,4.0,5.0,0.0,63.0,8.0
14.583771,121.059675,1,1,52.0,816847.128678576,803159,11166400.0,71.0,4.0,5.0,0.0,63.0,8.0
14.583771,121.059675,1,1,57.0,816847.128678576,803159,12196800.0,71.0,4.0,5.0,0.0,63.0,8.0
14.583771,121.059675,1,1,52.0,816847.128678576,803159,12770800.0,71.0,4.0,5.0,0.0,63.0,8.0
14.583771,121.059675,1,1,59.0,816847.128678576,803159,14587200.0,71.0,4.0,5.0,0.0,63.0,8.0
14.583771,121.059675,1,1,52.0,816847.128678576,803159,11334400.0,71.0,4.0,5.0,0.0,63.0,8.0
14.583771,121.059675,1,1,52.0,816847.128678576,803159,13108800.0,71.0,4.0,5.0,0.0,63.0,8.0
14.583771,121.059675,1,1,52.0,816847.128678576,803159,11166400.0,71.0,4.0,5.0,0.0,63.0,8.0
14.583771,121.059675,1,1,52.0,816847.128678576,803159,13096600.0,71.0,4.0,5.0,0.0,63.0,8.0
14.583771,121.059675,1,1,58.0,816847.128678576,803159,12488000.0,71.0,4.0,5.0,0.0,63.0,8.0
14.583771,121.059675,1,1,47.0,816847.128678576,803159,11054400.0,71.0,4.0,5.0,0.0,63.0,8.0
14.583771,121.059675,1,1,59.0,816847.128678576,803159,14474200.0,71.0,4.0,5.0,0.0,63.0,8.0
14.588716,121.060009,1,1,82.0,816847.128678576,803159,27934000.0,71.0,4.0,5.0,0.0,63.0,8.0
14.583771,121.059675,3,2,102.0,816847.128678576,803159,24586800.0,71.0,4.0,5.0,0.0,63.0,8.0
14.583771,121.059675,1,1,52.0,816847.128678576,803159,11334400.0,71.0,4.0,5.0,0.0,63.0,8.0
14.583771,121.059675,1,1,52.0,816847.128678576,803159,11166400.0,71.0,4.0,5.0,0.0,63.0,8.0
14.583771,121.059675,1,1,57.0,816847.128678576,803159,12196800.0,71.0,4.0,5.0,0.0,63.0,8.0
14.588716,121.060009,1,1,90.0,816847.128678576,803159,31032000.0,71.0,4.0,5.0,0.0,63.0,8.0
14.588716,121.060009,1,1,93.0,816847.128678576,803159,31312000.0,71.0,4.0,5.0,0.0,63.0,8.0
14.588716,121.060009,1,1,93.0,816847.128678576,803159,31357000.0,71.0,4.0,5.0,0.0,63.0,8.0
14.583771,121.059675,3,2,98.0,816847.128678576,803159,22111600.0,71.0,4.0,5.0,0.0,63.0,8.0
14.588716,121.060009,1,1,75.0,816847.128678576,803159,26208000.0,71.0,4.0,5.0,0.0,63.0,8.0
14.588716,121.060009,1,1,90.0,816847.128678576,803159,31337000.0,71.0,4.0,5.0,0.0,63.0,8.0
14.583771,121.059675,1,1,52.0,816847.128678576,803159,12770800.0,71.0,4.0,5.0,0.0,63.0,8.0
14.583771,121.059675,1,1,59.0,816847.128678576,803159,14587200.0,71.0,4.0,5.0,0.0,63.0,8.0
14.583771,121.059675,1,1,46.0,816847.128678576,803159,10752000.0,71.0,4.0,5.0,0.0,63.0,8.0
14.588716,121.060009,1,1,108.0,816847.128678576,803159,37666000.0,71.0,4.0,5.0,0.0,63.0,8.0
14.588716,121.060009,1,1,93.0,816847.128678576,803159,32342000.0,71.0,4.0,5.0,0.0,63.0,8.0
14.588377,121.059897,2,2,114.0,816847.128678576,803159,42157000.0,71.0,4.0,5.0,0.0,63.0,8.0
14.583771,121.059675,1,1,52.0,816847.128678576,803159,13096600.0,71.0,4.0,5.0,0.0,63.0,8.0
14.588377,121.059897,1,1,70.0,816847.128678576,803159,27332000.0,71.0,4.0,5.0,0.0,63.0,8.0
14.588377,121.059897,1,1,70.0,816847.128678576,803159,27144000.0,71.0,4.0,5.0,0.0,63.0,8.0
14.583771,121.059675,1,1,52.0,816847.128678576,803159,11267200.0,71.0,4.0,5.0,0.0,63.0,8.0
14.588377,121.059897,1,1,74.0,816847.128678576,803159,26774000.0,71.0,4.0,5.0,0.0,63.0,8.0
14.588377,121.059897,2,2,114.0,816847.128678576,803159,45954000.0,71.0,4.0,5.0,0.0,63.0,8.0
14.588377,121.059897,1,1,70.0,816847.128678576,803159,27462000.0,71.0,4.0,5.0,0.0,63.0,8.0
14.588377,121.059897,1,1,70.0,816847.128678576,803159,26708000.0,71.0,4.0,5.0,0.0,63.0,8.0
14.588716,121.060009,1,1,115.0,816847.128678576,803159,41239000.0,71.0,4.0,5.0,0.0,63.0,8.0
14.588716,121.060009,1,1,84.0,816847.128678576,803159,28932000.0,71.0,4.0,5.0,0.0,63.0,8.0
14.583771,121.059675,1,1,52.0,816847.128678576,803159,13108800.0,71.0,4.0,5.0,0.0,63.0,8.0
14.583771,121.059675,1,1,58.0,816847.128678576,803159,12488000.0,71.0,4.0,5.0,0.0,63.0,8.0
14.583771,121.059675,1,1,52.0,816847.128678576,803159,13096600.0,71.0,4.0,5.0,0.0,63.0,8.0
14.583771,121.059675,1,1,52.0,816847.128678576,803159,11166400.0,71.0,4.0,5.0,0.0,63.0,8.0
14.583771,121.059675,1,1,47.0,816847.128678576,803159,11054400.0,71.0,4.0,5.0,0.0,63.0,8.0
14.588377,121.059897,1,1,70.0,816847.128678576,803159,27646000.0,71.0,4.0,5.0,0.0,63.0,8.0
14.583771,121.059675,1,1,52.0,816847.128678576,803159,13096600.0,71.0,4.0,5.0,0.0,63.0,8.0
14.583771,121.059675,1,1,52.0,816847.128678576,803159,12995800.0,71.0,4.0,5.0,0.0,63.0,8.0
14.583771,121.059675,2,2,74.0,816847.128678576,803159,17641900.0,71.0,4.0,5.0,0.0,63.0,8.0
14.583771,121.059675,1,1,59.0,816847.128678576,803159,14632000.0,71.0,4.0,5.0,0.0,63.0,8.0
14.588716,121.060009,1,1,82.0,816847.128678576,803159,28056000.0,71.0,4.0,5.0,0.0,63.0,8.0
14.588377,121.059897,2,2,114.0,816847.128678576,803159,41924000.0,71.0,4.0,5.0,0.0,63.0,8.0
14.583771,121.059675,1,1,47.0,816847.128678576,803159,11054400.0,71.0,4.0,5.0,0.0,63.0,8.0
14.588882,121.079016,1,1,58.0,3741585.0591974,803159,16011000.0,122.0,2.0,5.0,2.0,43.0,5.0
14.588882,121.079016,1,1,56.0,3741585.0591974,803159,15492000.0,122.0,2.0,5.0,2.0,43.0,5.0
14.588882,121.079016,1,1,57.0,3741585.0591974,803159,16618000.0,122.0,2.0,5.0,2.0,43.0,5.0
14.588882,121.079016,1,1,57.0,3741585.0591974,803159,18160000.0,122.0,2.0,5.0,2.0,43.0,5.0
14.588882,121.079016,1,1,58.0,3741585.0591974,803159,15669000.0,122.0,2.0,5.0,2.0,43.0,5.0
14.588882,121.079016,1,1,56.0,3741585.0591974,803159,15229000.0,122.0,2.0,5.0,2.0,43.0,5.0
14.588882,121.079016,1,1,53.0,3741585.0591974,803159,15492000.0,122.0,2.0,5.0,2.0,43.0,5.0
14.588882,121.079016,1,1,56.0,3741585.0591974,803159,15297000.0,122.0,2.0,5.0,2.0,43.0,5.0
14.588882,121.079016,1,1,58.0,3741585.0591974,803159,16602000.0,122.0,2.0,5.0,2.0,43.0,5.0
14.588882,121.079016,1,1,35.0,3741585.0591974,803159,8872000.0,122.0,2.0,5.0,2.0,43.0,5.0
14.588882,121.079016,1,1,58.0,3741585.0591974,803159,15972000.0,122.0,2.0,5.0,2.0,43.0,5.0
14.588882,121.079016,1,1,57.0,3741585.0591974,803159,16274000.0,122.0,2.0,5.0,2.0,43.0,5.0
14.588882,121.079016,1,1,57.0,3741585.0591974,803159,18392000.0,122.0,2.0,5.0,2.0,43.0,5.0
14.588882,121.079016,1,1,56.0,3741585.0591974,803159,15898000.0,122.0,2.0,5.0,2.0,43.0,5.0
14.588882,121.079016,1,1,53.0,3741585.0591974,803159,15627000.0,122.0,2.0,5.0,2.0,43.0,5.0
14.588882,121.079016,1,1,56.0,3741585.0591974,803159,15635000.0,122.0,2.0,5.0,2.0,43.0,5.0
14.588882,121.079016,1,1,57.0,3741585.0591974,803159,16145000.0,122.0,2.0,5.0,2.0,43.0,5.0
14.588882,121.079016,1,1,58.0,3741585.0591974,803159,15492000.0,122.0,2.0,5.0,2.0,43.0,5.0
14.588882,121.079016,1,1,56.0,3741585.0591974,803159,15898000.0,122.0,2.0,5.0,2.0,43.0,5.0
14.588882,121.079016,1,1,56.0,3741585.0591974,803159,15635000.0,122.0,2.0,5.0,2.0,43.0,5.0
14.588882,121.079016,1,1,57.0,3741585.0591974,803159,16755000.0,122.0,2.0,5.0,2.0,43.0,5.0
14.588882,121.079016,1,1,56.0,3741585.0591974,803159,15364000.0,122.0,2.0,5.0,2.0,43.0,5.0
14.588882,121.079016,1,1,57.0,3741585.0591974,803159,16411000.0,122.0,2.0,5.0,2.0,43.0,5.0
14.588882,121.079016,1,1,56.0,3741585.0591974,803159,16033000.0,122.0,2.0,5.0,2.0,43.0,5.0
14.588882,121.079016,1,1,57.0,3741585.0591974,803159,16007000.0,122.0,2.0,5.0,2.0,43.0,5.0
14.588882,121.079016,1,1,57.0,3741585.0591974,803159,16076000.0,122.0,2.0,5.0,2.0,43.0,5.0
14.588882,121.079016,1,1,57.0,3741585.0591974,803159,16420000.0,122.0,2.0,5.0,2.0,43.0,5.0
14.588882,121.079016,1,1,58.0,3741585.0591974,803159,16672000.0,122.0,2.0,5.0,2.0,43.0,5.0
14.588882,121.079016,1,1,58.0,3741585.0591974,803159,16172000.0,122.0,2.0,5.0,2.0,43.0,5.0
14.588882,121.079016,1,1,58.0,3741585.0591974,803159,15737000.0,122.0,2.0,5.0,2.0,43.0,5.0
14.588882,121.079016,1,1,56.0,3741585.0591974,803159,15364000.0,122.0,2.0,5.0,2.0,43.0,5.0
14.588882,121.079016,1,1,57.0,3741585.0591974,803159,16274000.0,122.0,2.0,5.0,2.0,43.0,5.0
14.588882,121.079016,1,1,57.0,3741585.0591974,803159,16076000.0,122.0,2.0,5.0,2.0,43.0,5.0
14.588882,121.079016,1,1,57.0,3741585.0591974,803159,16274000.0,122.0,2.0,5.0,2.0,43.0,5.0
14.588882,121.079016,1,1,57.0,3741585.0591974,803159,16076000.0,122.0,2.0,5.0,2.0,43.0,5.0
14.588882,121.079016,1,1,58.0,3741585.0591974,803159,15601000.0,122.0,2.0,5.0,2.0,43.0,5.0
14.588882,121.079016,1,1,57.0,3741585.0591974,803159,16076000.0,122.0,2.0,5.0,2.0,43.0,5.0
14.588882,121.079016,1,1,58.0,3741585.0591974,803159,16322000.0,122.0,2.0,5.0,2.0,43.0,5.0
14.588882,121.079016,1,1,58.0,3741585.0591974,803159,16532000.0,122.0,2.0,5.0,2.0,43.0,5.0
14.588882,121.079016,1,1,58.0,3741585.0591974,803159,16042000.0,122.0,2.0,5.0,2.0,43.0,5.0
14.588882,121.079016,1,1,57.0,3741585.0591974,803159,16205000.0,122.0,2.0,5.0,2.0,43.0,5.0
14.588882,121.079016,1,1,58.0,3741585.0591974,803159,16742000.0,122.0,2.0,5.0,2.0,43.0,5.0
14.588882,121.079016,1,1,58.0,3741585.0591974,803159,15982000.0,122.0,2.0,5.0,2.0,43.0,5.0
14.588882,121.079016,1,1,56.0,3741585.0591974,803159,15560000.0,122.0,2.0,5.0,2.0,43.0,5.0
14.588882,121.079016,1,1,58.0,3741585.0591974,803159,15562000.0,122.0,2.0,5.0,2.0,43.0,5.0
14.588882,121.079016,1,1,58.0,3741585.0591974,803159,15352000.0,122.0,2.0,5.0,2.0,43.0,5.0
14.588882,121.079016,1,1,57.0,3741585.0591974,803159,16420000.0,122.0,2.0,5.0,2.0,43.0,5.0
14.588882,121.079016,1,1,57.0,3741585.0591974,803159,16283000.0,122.0,2.0,5.0,2.0,43.0,5.0
14.588882,121.079016,1,1,56.0,3741585.0591974,803159,15297000.0,122.0,2.0,5.0,2.0,43.0,5.0
14.588882,121.079016,1,1,56.0,3741585.0591974,803159,15560000.0,122.0,2.0,5.0,2.0,43.0,5.0
14.588882,121.079016,1,1,58.0,3741585.0591974,803159,16252000.0,122.0,2.0,5.0,2.0,43.0,5.0
14.588882,121.079016,1,1,56.0,3741585.0591974,803159,15702000.0,122.0,2.0,5.0,2.0,43.0,5.0
14.588882,121.079016,1,1,57.0,3741585.0591974,803159,16283000.0,122.0,2.0,5.0,2.0,43.0,5.0
14.588882,121.079016,1,1,57.0,3741585.0591974,803159,16351000.0,122.0,2.0,5.0,2.0,43.0,5.0
14.588882,121.079016,1,1,56.0,3741585.0591974,803159,15297000.0,122.0,2.0,5.0,2.0,43.0,5.0
14.588882,121.079016,1,1,57.0,3741585.0591974,803159,16076000.0,122.0,2.0,5.0,2.0,43.0,5.0
14.588882,121.079016,1,1,56.0,3741585.0591974,803159,15297000.0,122.0,2.0,5.0,2.0,43.0,5.0
14.588882,121.079016,1,1,57.0,3741585.0591974,803159,16076000.0,122.0,2.0,5.0,2.0,43.0,5.0
14.588882,121.079016,1,1,56.0,3741585.0591974,803159,15695000.0,122.0,2.0,5.0,2.0,43.0,5.0
14.588882,121.079016,1,1,56.0,3741585.0591974,803159,15364000.0,122.0,2.0,5.0,2.0,43.0,5.0
14.588882,121.079016,1,1,57.0,3741585.0591974,803159,16283000.0,122.0,2.0,5.0,2.0,43.0,5.0
14.588882,121.079016,1,1,56.0,3741585.0591974,803159,15364000.0,122.0,2.0,5.0,2.0,43.0,5.0
14.588882,121.079016,2,1,89.0,3741585.0591974,803159,25471000.0,122.0,2.0,5.0,2.0,43.0,5.0
14.588882,121.079016,1,1,56.0,3741585.0591974,803159,15830000.0,122.0,2.0,5.0,2.0,43.0,5.0
14.588882,121.079016,1,1,58.0,3741585.0591974,803159,15762000.0,122.0,2.0,5.0,2.0,43.0,5.0
14.588882,121.079016,1,1,57.0,3741585.0591974,803159,16411000.0,122.0,2.0,5.0,2.0,43.0,5.0
14.588882,121.079016,1,1,58.0,3741585.0591974,803159,16392000.0,122.0,2.0,5.0,2.0,43.0,5.0
14.588882,121.079016,1,1,58.0,3741585.0591974,803159,16322000.0,122.0,2.0,5.0,2.0,43.0,5.0
14.588882,121.079016,1,1,56.0,3741585.0591974,803159,15492000.0,122.0,2.0,5.0,2.0,43.0,5.0
14.588882,121.079016,2,1,89.0,3741585.0591974,803159,25579000.0,122.0,2.0,5.0,2.0,43.0,5.0
14.588882,121.079016,1,1,58.0,3741585.0591974,803159,16602000.0,122.0,2.0,5.0,2.0,43.0,5.0
14.588882,121.079016,1,1,58.0,3741585.0591974,803159,16402000.0,122.0,2.0,5.0,2.0,43.0,5.0
14.588882,121.079016,2,1,89.0,3741585.0591974,803159,28695000.0,122.0,2.0,5.0,2.0,43.0,5.0
14.588882,121.079016,1,1,35.0,3741585.0591974,803159,8830000.0,122.0,2.0,5.0,2.0,43.0,5.0
14.588882,121.079016,1,1,35.0,3741585.0591974,803159,8830000.0,122.0,2.0,5.0,2.0,43.0,5.0
14.588882,121.079016,1,1,58.0,3741585.0591974,803159,16382000.0,122.0,2.0,5.0,2.0,43.0,5.0
14.588882,121.079016,1,1,58.0,3741585.0591974,803159,16332000.0,122.0,2.0,5.0,2.0,43.0,5.0
14.588882,121.079016,1,1,57.0,3741585.0591974,803159,16007000.0,122.0,2.0,5.0,2.0,43.0,5.0
14.588882,121.079016,2,1,89.0,3741585.0591974,803159,25579000.0,122.0,2.0,5.0,2.0,43.0,5.0
14.588882,121.079016,1,1,56.0,3741585.0591974,803159,15492000.0,122.0,2.0,5.0,2.0,43.0,5.0
14.588882,121.079016,1,1,58.0,3741585.0591974,803159,16332000.0,122.0,2.0,5.0,2.0,43.0,5.0
14.588882,121.079016,2,1,89.0,3741585.0591974,803159,28695000.0,122.0,2.0,5.0,2.0,43.0,5.0
14.588882,121.079016,1,1,35.0,3741585.0591974,803159,8830000.0,122.0,2.0,5.0,2.0,43.0,5.0
14.588882,121.079016,1,1,35.0,3741585.0591974,803159,8830000.0,122.0,2.0,5.0,2.0,43.0,5.0
14.588882,121.079016,1,1,58.0,3741585.0591974,803159,16382000.0,122.0,2.0,5.0,2.0,43.0,5.0
14.588882,121.079016,2,1,89.0,3741585.0591974,803159,25579000.0,122.0,2.0,5.0,2.0,43.0,5.0
14.588882,121.079016,1,1,56.0,3741585.0591974,803159,15492000.0,122.0,2.0,5.0,2.0,43.0,5.0
14.588882,121.079016,1,1,35.0,3741585.0591974,803159,8492000.0,122.0,2.0,5.0,2.0,43.0,5.0
14.588882,121.079016,1,1,56.0,3741585.0591974,803159,15635000.0,122.0,2.0,5.0,2.0,43.0,5.0
14.588882,121.079016,1,1,57.0,3741585.0591974,803159,16411000.0,122.0,2.0,5.0,2.0,43.0,5.0
14.587964,121.079045,1,1,101.0,3741585.0591974,803159,28344000.0,122.0,2.0,5.0,2.0,43.0,5.0
14.587964,121.079045,1,1,101.0,3741585.0591974,803159,28096000.0,122.0,2.0,5.0,2.0,43.0,5.0
14.588882,121.079016,1,1,53.0,3741585.0591974,803159,15492000.0,122.0,2.0,5.0,2.0,43.0,5.0
14.588882,121.079016,1,1,35.0,3741585.0591974,803159,8788000.0,122.0,2.0,5.0,2.0,43.0,5.0
14.588882,121.079016,1,1,35.0,3741585.0591974,803159,8788000.0,122.0,2.0,5.0,2.0,43.0,5.0
14.587964,121.079045,1,1,141.0,3741585.0591974,803159,39127000.0,122.0,2.0,5.0,2.0,43.0,5.0
14.588882,121.079016,1,1,35.0,3741585.0591974,803159,8408000.0,122.0,2.0,5.0,2.0,43.0,5.0
14.588882,121.079016,1,1,35.0,3741585.0591974,803159,8915000.0,122.0,2.0,5.0,2.0,43.0,5.0
14.588882,121.079016,2,1,89.0,3741585.0591974,803159,30868000.0,122.0,2.0,5.0,2.0,43.0,5.0
14.588882,121.079016,2,1,89.0,3741585.0591974,803159,25471000.0,122.0,2.0,5.0,2.0,43.0,5.0
14.588882,121.079016,1,1,35.0,3741585.0591974,803159,10021000.0,122.0,2.0,5.0,2.0,43.0,5.0
14.587518,121.062753,1,1,36.0,3741585.0591974,803159,8500000.0,122.0,2.0,5.0,2.0,43.0,5.0
14.588882,121.079016,1,1,57.0,3741585.0591974,803159,16214000.0,122.0,2.0,5.0,2.0,43.0,5.0
14.587518,121.062753,1,1,49.0,3741585.0591974,803159,10500000.0,122.0,2.0,5.0,2.0,43.0,5.0
14.588882,121.079016,1,1,58.0,3741585.0591974,803159,15737000.0,122.0,2.0,5.0,2.0,43.0,5.0
14.588882,121.079016,1,1,56.0,3741585.0591974,803159,15635000.0,122.0,2.0,5.0,2.0,43.0,5.0
14.588882,121.079016,2,1,89.0,3741585.0591974,803159,25364000.0,122.0,2.0,5.0,2.0,43.0,5.0
14.588882,121.079016,2,1,89.0,3741585.0591974,803159,26640000.0,122.0,2.0,5.0,2.0,43.0,5.0
14.588882,121.079016,1,1,58.0,3741585.0591974,803159,16122000.0,122.0,2.0,5.0,2.0,43.0,5.0
14.588882,121.079016,1,1,58.0,3741585.0591974,803159,16122000.0,122.0,2.0,5.0,2.0,43.0,5.0
14.588882,121.079016,2,1,89.0,3741585.0591974,803159,26640000.0,122.0,2.0,5.0,2.0,43.0,5.0
14.588882,121.079016,1,1,57.0,3741585.0591974,803159,18160000.0,122.0,2.0,5.0,2.0,43.0,5.0
14.588882,121.079016,2,1,143.0,3741585.0591974,803159,48778000.0,122.0,2.0,5.0,2.0,43.0,5.0
14.587518,121.062753,1,1,49.0,3741585.0591974,803159,11200000.0,122.0,2.0,5.0,2.0,43.0,5.0
14.588882,121.079016,2,1,89.0,3741585.0591974,803159,24349000.0,122.0,2.0,5.0,2.0,43.0,5.0
14.587518,121.062753,1,1,32.0,3741585.0591974,803159,7400000.0,122.0,2.0,5.0,2.0,43.0,5.0
14.588882,121.079016,2,1,89.0,3741585.0591974,803159,26748000.0,122.0,2.0,5.0,2.0,43.0,5.0
14.588882,121.079016,1,1,34.0,3741585.0591974,803159,8455000.0,122.0,2.0,5.0,2.0,43.0,5.0
14.588882,121.079016,2,1,89.0,3741585.0591974,803159,25471000.0,122.0,2.0,5.0,2.0,43.0,5.0
14.588882,121.079016,1,1,35.0,3741585.0591974,803159,8872000.0,122.0,2.0,5.0,2.0,43.0,5.0
14.588882,121.079016,2,1,89.0,3741585.0591974,803159,27083000.0,122.0,2.0,5.0,2.0,43.0,5.0
14.587964,121.079045,1,1,132.0,3741585.0591974,803159,33705000.0,122.0,2.0,5.0,2.0,43.0,5.0
14.588882,121.079016,2,1,89.0,3741585.0591974,803159,25136000.0,122.0,2.0,5.0,2.0,43.0,5.0
14.588882,121.079016,1,1,53.0,3741585.0591974,803159,15155000.0,122.0,2.0,5.0,2.0,43.0,5.0
14.588882,121.079016,1,1,58.0,3741585.0591974,803159,15669000.0,122.0,2.0,5.0,2.0,43.0,5.0
14.588882,121.079016,1,1,35.0,3741585.0591974,803159,8957000.0,122.0,2.0,5.0,2.0,43.0,5.0
14.588882,121.079016,2,1,89.0,3741585.0591974,803159,27405000.0,122.0,2.0,5.0,2.0,43.0,5.0
14.588882,121.079016,1,1,58.0,3741585.0591974,803159,16052000.0,122.0,2.0,5.0,2.0,43.0,5.0
14.588882,121.079016,1,1,58.0,3741585.0591974,803159,15422000.0,122.0,2.0,5.0,2.0,43.0,5.0
14.588882,121.079016,1,1,57.0,3741585.0591974,803159,16205000.0,122.0,2.0,5.0,2.0,43.0,5.0
14.588882,121.079016,1,1,58.0,3741585.0591974,803159,15422000.0,122.0,2.0,5.0,2.0,43.0,5.0
14.588882,121.079016,1,1,35.0,3741585.0591974,803159,8323000.0,122.0,2.0,5.0,2.0,43.0,5.0
14.588882,121.079016,1,1,56.0,3741585.0591974,803159,15162000.0,122.0,2.0,5.0,2.0,43.0,5.0
14.588882,121.079016,1,1,56.0,3741585.0591974,803159,15162000.0,122.0,2.0,5.0,2.0,43.0,5.0
14.588882,121.079016,1,1,57.0,3741585.0591974,803159,16618000.0,122.0,2.0,5.0,2.0,43.0,5.0
14.588882,121.079016,1,1,58.0,3741585.0591974,803159,15972000.0,122.0,2.0,5.0,2.0,43.0,5.0
14.588882,121.079016,1,1,35.0,3741585.0591974,803159,8577000.0,122.0,2.0,5.0,2.0,43.0,5.0
14.588882,121.079016,1,1,58.0,3741585.0591974,803159,15692000.0,122.0,2.0,5.0,2.0,43.0,5.0
14.588882,121.079016,1,1,56.0,3741585.0591974,803159,15695000.0,122.0,2.0,5.0,2.0,43.0,5.0
14.588882,121.079016,1,1,58.0,3741585.0591974,803159,16042000.0,122.0,2.0,5.0,2.0,43.0,5.0
14.588882,121.079016,1,1,57.0,3741585.0591974,803159,16205000.0,122.0,2.0,5.0,2.0,43.0,5.0
14.588882,121.079016,1,1,58.0,3741585.0591974,803159,15562000.0,122.0,2.0,5.0,2.0,43.0,5.0
14.588882,121.079016,1,1,58.0,3741585.0591974,803159,15492000.0,122.0,2.0,5.0,2.0,43.0,5.0
14.588882,121.079016,1,1,58.0,3741585.0591974,803159,15422000.0,122.0,2.0,5.0,2.0,43.0,5.0
14.588882,121.079016,1,1,58.0,3741585.0591974,803159,16052000.0,122.0,2.0,5.0,2.0,43.0,5.0
14.587964,121.079045,1,1,101.0,3741585.0591974,803159,28594000.0,122.0,2.0,5.0,2.0,43.0,5.0
14.588882,121.079016,2,1,89.0,3741585.0591974,803159,26008000.0,122.0,2.0,5.0,2.0,43.0,5.0
14.588882,121.079016,1,1,57.0,3741585.0591974,803159,16618000.0,122.0,2.0,5.0,2.0,43.0,5.0
14.588882,121.079016,1,1,58.0,3741585.0591974,803159,15422000.0,122.0,2.0,5.0,2.0,43.0,5.0
14.588882,121.079016,1,1,35.0,3741585.0591974,803159,8323000.0,122.0,2.0,5.0,2.0,43.0,5.0
14.588882,121.079016,2,1,89.0,3741585.0591974,803159,27083000.0,122.0,2.0,5.0,2.0,43.0,5.0
14.588882,121.079016,1,1,35.0,3741585.0591974,803159,8746000.0,122.0,2.0,5.0,2.0,43.0,5.0
14.588882,121.079016,1,1,35.0,3741585.0591974,803159,8365000.0,122.0,2.0,5.0,2.0,43.0,5.0
14.588882,121.079016,2,1,89.0,3741585.0591974,803159,26008000.0,122.0,2.0,5.0,2.0,43.0,5.0
14.588882,121.079016,2,1,89.0,3741585.0591974,803159,27083000.0,122.0,2.0,5.0,2.0,43.0,5.0
14.588882,121.079016,1,1,57.0,3741585.0591974,803159,16214000.0,122.0,2.0,5.0,2.0,43.0,5.0
14.587964,121.079045,1,1,100.0,3741585.0591974,803159,26153000.0,122.0,2.0,5.0,2.0,43.0,5.0
14.588882,121.079016,1,1,58.0,3741585.0591974,803159,16052000.0,122.0,2.0,5.0,2.0,43.0,5.0
14.588882,121.079016,2,1,89.0,3741585.0591974,803159,27178000.0,122.0,2.0,5.0,2.0,43.0,5.0
14.588882,121.079016,1,1,57.0,3741585.0591974,803159,16489000.0,122.0,2.0,5.0,2.0,43.0,5.0
14.588882,121.079016,1,1,58.0,3741585.0591974,803159,16242000.0,122.0,2.0,5.0,2.0,43.0,5.0
14.588882,121.079016,1,1,58.0,3741585.0591974,803159,15422000.0,122.0,2.0,5.0,2.0,43.0,5.0
14.588882,121.079016,1,1,58.0,3741585.0591974,803159,16402000.0,122.0,2.0,5.0,2.0,43.0,5.0
14.588882,121.079016,1,1,58.0,3741585.0591974,803159,16872000.0,122.0,2.0,5.0,2.0,43.0,5.0
14.588882,121.079016,1,1,57.0,3741585.0591974,803159,16274000.0,122.0,2.0,5.0,2.0,43.0,5.0
14.588882,121.079016,1,1,56.0,3741585.0591974,803159,15567000.0,122.0,2.0,5.0,2.0,43.0,5.0
14.588882,121.079016,1,1,57.0,3741585.0591974,803159,16411000.0,122.0,2.0,5.0,2.0,43.0,5.0
14.588882,121.079016,1,1,56.0,3741585.0591974,803159,15702000.0,122.0,2.0,5.0,2.0,43.0,5.0
14.588882,121.079016,1,1,56.0,3741585.0591974,803159,15492000.0,122.0,2.0,5.0,2.0,43.0,5.0
14.588882,121.079016,1,1,57.0,3741585.0591974,803159,16351000.0,122.0,2.0,5.0,2.0,43.0,5.0
14.588882,121.079016,1,1,56.0,3741585.0591974,803159,15567000.0,122.0,2.0,5.0,2.0,43.0,5.0
14.588882,121.079016,1,1,56.0,3741585.0591974,803159,15770000.0,122.0,2.0,5.0,2.0,43.0,5.0
14.588882,121.079016,1,1,58.0,3741585.0591974,803159,15282000.0,122.0,2.0,5.0,2.0,43.0,5.0
14.588882,121.079016,1,1,56.0,3741585.0591974,803159,15635000.0,122.0,2.0,5.0,2.0,43.0,5.0
14.588882,121.079016,1,1,57.0,3741585.0591974,803159,16076000.0,122.0,2.0,5.0,2.0,43.0,5.0
14.588882,121.079016,1,1,57.0,3741585.0591974,803159,16007000.0,122.0,2.0,5.0,2.0,43.0,5.0
14.588882,121.079016,1,1,57.0,3741585.0591974,803159,16205000.0,122.0,2.0,5.0,2.0,43.0,5.0
14.588882,121.079016,1,1,57.0,3741585.0591974,803159,16205000.0,122.0,2.0,5.0,2.0,43.0,5.0
14.588882,121.079016,1,1,56.0,3741585.0591974,803159,15627000.0,122.0,2.0,5.0,2.0,43.0,5.0
14.588882,121.079016,1,1,35.0,3741585.0591974,803159,8788000.0,122.0,2.0,5.0,2.0,43.0,5.0
14.588882,121.079016,1,1,56.0,3741585.0591974,803159,15297000.0,122.0,2.0,5.0,2.0,43.0,5.0
14.588882,121.079016,2,1,89.0,3741585.0591974,803159,25686000.0,122.0,2.0,5.0,2.0,43.0,5.0
14.588882,121.079016,1,1,58.0,3741585.0591974,803159,16052000.0,122.0,2.0,5.0,2.0,43.0,5.0
14.588882,121.079016,2,1,89.0,3741585.0591974,803159,25686000.0,122.0,2.0,5.0,2.0,43.0,5.0
14.588882,121.079016,2,1,89.0,3741585.0591974,803159,25579000.0,122.0,2.0,5.0,2.0,43.0,5.0
14.588882,121.079016,2,1,89.0,3741585.0591974,803159,27298000.0,122.0,2.0,5.0,2.0,43.0,5.0
14.588882,121.079016,1,1,56.0,3741585.0591974,803159,15297000.0,122.0,2.0,5.0,2.0,43.0,5.0
14.588882,121.079016,1,1,35.0,3741585.0591974,803159,8746000.0,122.0,2.0,5.0,2.0,43.0,5.0
14.588882,121.079016,2,1,137.0,3741585.0591974,803159,46903000.0,122.0,2.0,5.0,2.0,43.0,5.0
14.588882,121.079016,1,1,58.0,3741585.0591974,803159,16242000.0,122.0,2.0,5.0,2.0,43.0,5.0
14.588882,121.079016,2,1,89.0,3741585.0591974,803159,25471000.0,122.0,2.0,5.0,2.0,43.0,5.0
14.588882,121.079016,2,1,89.0,3741585.0591974,803159,25686000.0,122.0,2.0,5.0,2.0,43.0,5.0
14.588882,121.079016,2,1,89.0,3741585.0591974,803159,25686000.0,122.0,2.0,5.0,2.0,43.0,5.0
14.588882,121.079016,1,1,35.0,3741585.0591974,803159,8746000.0,122.0,2.0,5.0,2.0,43.0,5.0
14.588882,121.079016,2,1,164.0,3741585.0591974,803159,56507000.0,122.0,2.0,5.0,2.0,43.0,5.0
14.588882,121.079016,2,1,89.0,3741585.0591974,803159,27298000.0,122.0,2.0,5.0,2.0,43.0,5.0
14.588882,121.079016,1,1,58.0,3741585.0591974,803159,16042000.0,122.0,2.0,5.0,2.0,43.0,5.0
14.588882,121.079016,1,1,57.0,3741585.0591974,803159,16007000.0,122.0,2.0,5.0,2.0,43.0,5.0
14.587964,121.079045,1,1,100.0,3741585.0591974,803159,26699000.0,122.0,2.0,5.0,2.0,43.0,5.0
14.588882,121.079016,1,1,56.0,3741585.0591974,803159,15229000.0,122.0,2.0,5.0,2.0,43.0,5.0
14.588882,121.079016,2,1,89.0,3741585.0591974,803159,27512000.0,122.0,2.0,5.0,2.0,43.0,5.0
14.588882,121.079016,1,1,57.0,3741585.0591974,803159,16351000.0,122.0,2.0,5.0,2.0,43.0,5.0
14.588882,121.079016,1,1,32.0,3741585.0591974,803159,9206000.0,122.0,2.0,5.0,2.0,43.0,5.0
14.588882,121.079016,1,1,58.0,3741585.0591974,803159,15902000.0,122.0,2.0,5.0,2.0,43.0,5.0
14.588882,121.079016,2,1,164.0,3741585.0591974,803159,56507000.0,122.0,2.0,5.0,2.0,43.0,5.0
14.588882,121.079016,2,1,89.0,3741585.0591974,803159,27298000.0,122.0,2.0,5.0,2.0,43.0,5.0
14.587964,121.079045,1,1,88.0,3741585.0591974,803159,24000000.0,122.0,2.0,5.0,2.0,43.0,5.0
14.588882,121.079016,1,1,57.0,3741585.0591974,803159,16420000.0,122.0,2.0,5.0,2.0,43.0,5.0
14.588882,121.079016,1,1,53.0,3741585.0591974,803159,15560000.0,122.0,2.0,5.0,2.0,43.0,5.0
14.588882,121.079016,1,1,58.0,3741585.0591974,803159,16262000.0,122.0,2.0,5.0,2.0,43.0,5.0
14.588882,121.079016,1,1,56.0,3741585.0591974,803159,15229000.0,122.0,2.0,5.0,2.0,43.0,5.0
14.588882,121.079016,1,1,58.0,3741585.0591974,803159,15762000.0,122.0,2.0,5.0,2.0,43.0,5.0
14.588882,121.079016,1,1,58.0,3741585.0591974,803159,15601000.0,122.0,2.0,5.0,2.0,43.0,5.0
14.588882,121.079016,1,1,58.0,3741585.0591974,803159,15737000.0,122.0,2.0,5.0,2.0,43.0,5.0
14.588882,121.079016,1,1,52.0,3741585.0591974,803159,15033000.0,122.0,2.0,5.0,2.0,43.0,5.0
14.588882,121.079016,1,1,58.0,3741585.0591974,803159,15912000.0,122.0,2.0,5.0,2.0,43.0,5.0
14.588882,121.079016,1,1,35.0,3741585.0591974,803159,8957000.0,122.0,2.0,5.0,2.0,43.0,5.0
14.588882,121.079016,1,1,58.0,3741585.0591974,803159,16042000.0,122.0,2.0,5.0,2.0,43.0,5.0
14.588882,121.079016,1,1,58.0,3741585.0591974,803159,18126000.0,122.0,2.0,5.0,2.0,43.0,5.0
14.588882,121.079016,1,1,57.0,3741585.0591974,803159,16549000.0,122.0,2.0,5.0,2.0,43.0,5.0
14.587964,121.079045,1,1,100.0,3741585.0591974,803159,26699000.0,122.0,2.0,5.0,2.0,43.0,5.0
14.588882,121.079016,1,1,57.0,3741585.0591974,803159,16007000.0,122.0,2.0,5.0,2.0,43.0,5.0
14.588882,121.079016,1,1,56.0,3741585.0591974,803159,15762000.0,122.0,2.0,5.0,2.0,43.0,5.0
14.588882,121.079016,1,1,32.0,3741585.0591974,803159,8151000.0,122.0,2.0,5.0,2.0,43.0,5.0
14.588882,121.079016,1,1,58.0,3741585.0591974,803159,15972000.0,122.0,2.0,5.0,2.0,43.0,5.0
14.588882,121.079016,1,1,57.0,3741585.0591974,803159,16283000.0,122.0,2.0,5.0,2.0,43.0,5.0
14.587964,121.079045,1,1,100.0,3741585.0591974,803159,28221000.0,122.0,2.0,5.0,2.0,43.0,5.0
14.588882,121.079016,2,1,89.0,3741585.0591974,803159,27405000.0,122.0,2.0,5.0,2.0,43.0,5.0
14.588882,121.079016,1,1,56.0,3741585.0591974,803159,15297000.0,122.0,2.0,5.0,2.0,43.0,5.0
14.588882,121.079016,1,1,56.0,3741585.0591974,803159,15229000.0,122.0,2.0,5.0,2.0,43.0,5.0
14.588882,121.079016,1,1,58.0,3741585.0591974,803159,16052000.0,122.0,2.0,5.0,2.0,43.0,5.0
14.588882,121.079016,1,1,58.0,3741585.0591974,803159,16322000.0,122.0,2.0,5.0,2.0,43.0,5.0
14.588882,121.079016,1,1,58.0,3741585.0591974,803159,16462000.0,122.0,2.0,5.0,2.0,43.0,5.0
14.588882,121.079016,1,1,35.0,3741585.0591974,803159,8862000.0,122.0,2.0,5.0,2.0,43.0,5.0
14.588882,121.079016,1,1,58.0,3741585.0591974,803159,16332000.0,122.0,2.0,5.0,2.0,43.0,5.0
14.588882,121.079016,2,1,89.0,3741585.0591974,803159,26116000.0,122.0,2.0,5.0,2.0,43.0,5.0
14.588882,121.079016,1,1,58.0,3741585.0591974,803159,16462000.0,122.0,2.0,5.0,2.0,43.0,5.0
14.588882,121.079016,1,1,58.0,3741585.0591974,803159,16052000.0,122.0,2.0,5.0,2.0,43.0,5.0
14.588882,121.079016,1,1,57.0,3741585.0591974,803159,16549000.0,122.0,2.0,5.0,2.0,43.0,5.0
14.588882,121.079016,1,1,57.0,3741585.0591974,803159,16076000.0,122.0,2.0,5.0,2.0,43.0,5.0
14.588882,121.079016,2,1,89.0,3741585.0591974,803159,27512000.0,122.0,2.0,5.0,2.0,43.0,5.0
14.588882,121.079016,1,1,35.0,3741585.0591974,803159,8323000.0,122.0,2.0,5.0,2.0,43.0,5.0
14.588882,121.079016,1,1,52.0,3741585.0591974,803159,14971000.0,122.0,2.0,5.0,2.0,43.0,5.0
14.588882,121.079016,1,1,58.0,3741585.0591974,803159,16332000.0,122.0,2.0,5.0,2.0,43.0,5.0
14.588882,121.079016,1,1,35.0,3741585.0591974,803159,8862000.0,122.0,2.0,5.0,2.0,43.0,5.0
14.588882,121.079016,2,1,89.0,3741585.0591974,803159,25901000.0,122.0,2.0,5.0,2.0,43.0,5.0
14.588882,121.079016,2,1,89.0,3741585.0591974,803159,26116000.0,122.0,2.0,5.0,2.0,43.0,5.0
14.588882,121.079016,2,1,89.0,3741585.0591974,803159,25901000.0,122.0,2.0,5.0,2.0,43.0,5.0
14.588882,121.079016,1,1,32.0,3741585.0591974,803159,9206000.0,122.0,2.0,5.0,2.0,43.0,5.0
14.588882,121.079016,1,1,58.0,3741585.0591974,803159,15902000.0,122.0,2.0,5.0,2.0,43.0,5.0
14.588882,121.079016,1,1,35.0,3741585.0591974,803159,9499000.0,122.0,2.0,5.0,2.0,43.0,5.0
14.587964,121.079045,1,1,88.0,3741585.0591974,803159,23745000.0,122.0,2.0,5.0,2.0,43.0,5.0
14.587964,121.079045,1,1,101.0,3741585.0591974,803159,28344000.0,122.0,2.0,5.0,2.0,43.0,5.0
14.587964,121.079045,1,1,100.0,3741585.0591974,803159,26561000.0,122.0,2.0,5.0,2.0,43.0,5.0
14.587964,121.079045,1,1,100.0,3741585.0591974,803159,27007000.0,122.0,2.0,5.0,2.0,43.0,5.0
14.587964,121.079045,1,1,101.0,3741585.0591974,803159,27122000.0,122.0,2.0,5.0,2.0,43.0,5.0
14.588882,121.079016,1,1,35.0,3741585.0591974,803159,8999000.0,122.0,2.0,5.0,2.0,43.0,5.0
14.588882,121.079016,2,1,89.0,3741585.0591974,803159,25471000.0,122.0,2.0,5.0,2.0,43.0,5.0
14.588882,121.079016,2,1,89.0,3741585.0591974,803159,26116000.0,122.0,2.0,5.0,2.0,43.0,5.0
14.587964,121.079045,1,1,141.0,3741585.0591974,803159,37798000.0,122.0,2.0,5.0,2.0,43.0,5.0
14.588882,121.079016,2,1,89.0,3741585.0591974,803159,29298000.0,122.0,2.0,5.0,2.0,43.0,5.0
14.588882,121.079016,1,1,35.0,3741585.0591974,803159,8323000.0,122.0,2.0,5.0,2.0,43.0,5.0
14.588882,121.079016,1,1,34.0,3741585.0591974,803159,8414000.0,122.0,2.0,5.0,2.0,43.0,5.0
14.588882,121.079016,1,1,34.0,3741585.0591974,803159,8414000.0,122.0,2.0,5.0,2.0,43.0,5.0
14.588882,121.079016,1,1,35.0,3741585.0591974,803159,8957000.0,122.0,2.0,5.0,2.0,43.0,5.0
14.588882,121.079016,1,1,35.0,3741585.0591974,803159,8365000.0,122.0,2.0,5.0,2.0,43.0,5.0
14.575822,121.064324,1,1,46.0,436722.385798172,803159,13246000.0,29.0,0.0,2.0,6.0,18.0,2.0
14.575822,121.064324,1,1,67.0,436722.385798172,803159,22042000.0,29.0,0.0,2.0,6.0,18.0,2.0
14.575822,121.064324,1,1,41.0,436722.385798172,803159,12415000.0,29.0,0.0,2.0,6.0,18.0,2.0
14.575822,121.064324,2,2,106.0,436722.385798172,803159,35121000.0,29.0,0.0,2.0,6.0,18.0,2.0
14.575822,121.064324,1,1,67.0,436722.385798172,803159,21625000.0,29.0,0.0,2.0,6.0,18.0,2.0
14.575822,121.064324,1,1,66.0,436722.385798172,803159,21129000.0,29.0,0.0,2.0,6.0,18.0,2.0
14.575822,121.064324,1,1,65.0,436722.385798172,803159,20793000.0,29.0,0.0,2.0,6.0,18.0,2.0
14.575822,121.064324,1,1,39.0,436722.385798172,803159,11539000.0,29.0,0.0,2.0,6.0,18.0,2.0
14.575822,121.064324,1,1,34.0,436722.385798172,803159,10744000.0,29.0,0.0,2.0,6.0,18.0,2.0
14.575822,121.064324,1,1,38.0,436722.385798172,803159,11159000.0,29.0,0.0,2.0,6.0,18.0,2.0
14.575822,121.064324,1,1,40.0,436722.385798172,803159,11629000.0,29.0,0.0,2.0,6.0,18.0,2.0
14.575822,121.064324,1,1,39.0,436722.385798172,803159,11376000.0,29.0,0.0,2.0,6.0,18.0,2.0
14.575822,121.064324,1,1,40.0,436722.385798172,803159,12517000.0,29.0,0.0,2.0,6.0,18.0,2.0
14.575822,121.064324,2,2,104.0,436722.385798172,803159,32121000.0,29.0,0.0,2.0,6.0,18.0,2.0
14.575822,121.064324,1,1,39.0,436722.385798172,803159,11809000.0,29.0,0.0,2.0,6.0,18.0,2.0
14.575822,121.064324,1,1,34.0,436722.385798172,803159,10786000.0,29.0,0.0,2.0,6.0,18.0,2.0
14.575822,121.064324,1,1,45.0,436722.385798172,803159,12615000.0,29.0,0.0,2.0,6.0,18.0,2.0
14.575822,121.064324,1,1,40.0,436722.385798172,803159,12245000.0,29.0,0.0,2.0,6.0,18.0,2.0
14.575822,121.064324,1,1,67.0,436722.385798172,803159,21737000.0,29.0,0.0,2.0,6.0,18.0,2.0
14.575822,121.064324,1,1,65.0,436722.385798172,803159,20577000.0,29.0,0.0,2.0,6.0,18.0,2.0
14.575822,121.064324,1,1,66.0,436722.385798172,803159,21459000.0,29.0,0.0,2.0,6.0,18.0,2.0
14.575822,121.064324,1,1,45.0,436722.385798172,803159,12433000.0,29.0,0.0,2.0,6.0,18.0,2.0
14.575822,121.064324,1,1,65.0,436722.385798172,803159,21361000.0,29.0,0.0,2.0,6.0,18.0,2.0
14.575822,121.064324,1,1,67.0,436722.385798172,803159,23578000.0,29.0,0.0,2.0,6.0,18.0,2.0
14.575822,121.064324,1,1,76.0,436722.385798172,803159,26888000.0,29.0,0.0,2.0,6.0,18.0,2.0
14.575822,121.064324,1,1,66.0,436722.385798172,803159,21322000.0,29.0,0.0,2.0,6.0,18.0,2.0
14.575822,121.064324,2,2,104.0,436722.385798172,803159,32507000.0,29.0,0.0,2.0,6.0,18.0,2.0
14.575822,121.064324,1,1,66.0,436722.385798172,803159,22153000.0,29.0,0.0,2.0,6.0,18.0,2.0
14.575822,121.064324,1,1,46.0,436722.385798172,803159,13227000.0,29.0,0.0,2.0,6.0,18.0,2.0
14.575822,121.064324,2,2,106.0,436722.385798172,803159,34033000.0,29.0,0.0,2.0,6.0,18.0,2.0
14.575822,121.064324,1,1,70.0,436722.385798172,803159,23554000.0,29.0,0.0,2.0,6.0,18.0,2.0
14.575822,121.064324,1,1,66.0,436722.385798172,803159,22973000.0,29.0,0.0,2.0,6.0,18.0,2.0
14.575822,121.064324,1,1,68.0,436722.385798172,803159,22061000.0,29.0,0.0,2.0,6.0,18.0,2.0
14.575822,121.064324,1,1,67.0,436722.385798172,803159,22089000.0,29.0,0.0,2.0,6.0,18.0,2.0
14.575822,121.064324,1,1,65.0,436722.385798172,803159,22047000.0,29.0,0.0,2.0,6.0,18.0,2.0
14.575822,121.064324,1,1,65.0,436722.385798172,803159,22768000.0,29.0,0.0,2.0,6.0,18.0,2.0
14.575822,121.064324,2,2,104.0,436722.385798172,803159,33499000.0,29.0,0.0,2.0,6.0,18.0,2.0
14.575822,121.064324,1,1,39.0,436722.385798172,803159,11761000.0,29.0,0.0,2.0,6.0,18.0,2.0
14.575822,121.064324,1,1,40.0,436722.385798172,803159,12229000.0,29.0,0.0,2.0,6.0,18.0,2.0
14.575822,121.064324,1,1,76.0,436722.385798172,803159,26856000.0,29.0,0.0,2.0,6.0,18.0,2.0
14.575822,121.064324,1,1,45.0,436722.385798172,803159,12546000.0,29.0,0.0,2.0,6.0,18.0,2.0
14.575822,121.064324,1,1,65.0,436722.385798172,803159,21828000.0,29.0,0.0,2.0,6.0,18.0,2.0
14.575822,121.064324,1,1,45.0,436722.385798172,803159,12527000.0,29.0,0.0,2.0,6.0,18.0,2.0
14.575822,121.064324,1,1,65.0,436722.385798172,803159,21946000.0,29.0,0.0,2.0,6.0,18.0,2.0
14.575822,121.064324,1,1,70.0,436722.385798172,803159,22805000.0,29.0,0.0,2.0,6.0,18.0,2.0
14.575822,121.064324,1,1,67.0,436722.385798172,803159,22868000.0,29.0,0.0,2.0,6.0,18.0,2.0
14.575822,121.064324,1,1,65.0,436722.385798172,803159,20712000.0,29.0,0.0,2.0,6.0,18.0,2.0
14.575822,121.064324,1,1,65.0,436722.385798172,803159,22561000.0,29.0,0.0,2.0,6.0,18.0,2.0
14.575822,121.064324,1,1,39.0,436722.385798172,803159,11853000.0,29.0,0.0,2.0,6.0,18.0,2.0
14.575822,121.064324,1,1,41.0,436722.385798172,803159,12364000.0,29.0,0.0,2.0,6.0,18.0,2.0
14.575822,121.064324,1,1,45.0,436722.385798172,803159,12527000.0,29.0,0.0,2.0,6.0,18.0,2.0
14.575822,121.064324,1,1,45.0,436722.385798172,803159,12546000.0,29.0,0.0,2.0,6.0,18.0,2.0
14.575822,121.064324,1,1,65.0,436722.385798172,803159,21828000.0,29.0,0.0,2.0,6.0,18.0,2.0
14.575822,121.064324,1,1,65.0,436722.385798172,803159,21946000.0,29.0,0.0,2.0,6.0,18.0,2.0
14.575822,121.064324,2,2,104.0,436722.385798172,803159,30789000.0,29.0,0.0,2.0,6.0,18.0,2.0
14.575822,121.064324,1,1,65.0,436722.385798172,803159,21370000.0,29.0,0.0,2.0,6.0,18.0,2.0
14.575822,121.064324,1,1,76.0,436722.385798172,803159,26072000.0,29.0,0.0,2.0,6.0,18.0,2.0
14.575822,121.064324,2,2,104.0,436722.385798172,803159,31864000.0,29.0,0.0,2.0,6.0,18.0,2.0
14.575822,121.064324,1,1,65.0,436722.385798172,803159,21810000.0,29.0,0.0,2.0,6.0,18.0,2.0
14.575822,121.064324,1,1,41.0,436722.385798172,803159,12261000.0,29.0,0.0,2.0,6.0,18.0,2.0
14.575822,121.064324,1,1,40.0,436722.385798172,803159,12146000.0,29.0,0.0,2.0,6.0,18.0,2.0
14.575822,121.064324,1,1,39.0,436722.385798172,803159,11777000.0,29.0,0.0,2.0,6.0,18.0,2.0
14.575822,121.064324,1,1,39.0,436722.385798172,803159,11853000.0,29.0,0.0,2.0,6.0,18.0,2.0
14.575822,121.064324,1,1,41.0,436722.385798172,803159,12364000.0,29.0,0.0,2.0,6.0,18.0,2.0
14.575822,121.064324,1,1,70.0,436722.385798172,803159,22805000.0,29.0,0.0,2.0,6.0,18.0,2.0
14.575822,121.064324,1,1,67.0,436722.385798172,803159,22868000.0,29.0,0.0,2.0,6.0,18.0,2.0
14.575822,121.064324,1,1,65.0,436722.385798172,803159,20712000.0,29.0,0.0,2.0,6.0,18.0,2.0
14.575822,121.064324,1,1,65.0,436722.385798172,803159,22561000.0,29.0,0.0,2.0,6.0,18.0,2.0
14.575822,121.064324,1,1,33.0,436722.385798172,803159,10359000.0,29.0,0.0,2.0,6.0,18.0,2.0
14.575822,121.064324,1,1,70.0,436722.385798172,803159,24461000.0,29.0,0.0,2.0,6.0,18.0,2.0
14.575822,121.064324,1,1,34.0,436722.385798172,803159,10715000.0,29.0,0.0,2.0,6.0,18.0,2.0
14.575822,121.064324,1,1,65.0,436722.385798172,803159,20502000.0,29.0,0.0,2.0,6.0,18.0,2.0
14.575822,121.064324,3,3,241.0,436722.385798172,803159,89146000.0,29.0,0.0,2.0,6.0,18.0,2.0
14.575822,121.064324,2,2,110.0,436722.385798172,803159,39304000.0,29.0,0.0,2.0,6.0,18.0,2.0
14.575822,121.064324,2,2,106.0,436722.385798172,803159,35077000.0,29.0,0.0,2.0,6.0,18.0,2.0
14.575822,121.064324,1,1,40.0,436722.385798172,803159,12262000.0,29.0,0.0,2.0,6.0,18.0,2.0
14.575822,121.064324,2,2,106.0,436722.385798172,803159,34575000.0,29.0,0.0,2.0,6.0,18.0,2.0
14.575822,121.064324,1,1,46.0,436722.385798172,803159,12882000.0,29.0,0.0,2.0,6.0,18.0,2.0
14.575822,121.064324,3,3,147.0,436722.385798172,803159,51606000.0,29.0,0.0,2.0,6.0,18.0,2.0
14.575822,121.064324,3,3,147.0,436722.385798172,803159,51606000.0,29.0,0.0,2.0,6.0,18.0,2.0
14.575822,121.064324,1,1,46.0,436722.385798172,803159,12882000.0,29.0,0.0,2.0,6.0,18.0,2.0
14.575822,121.064324,2,2,106.0,436722.385798172,803159,33827000.0,29.0,0.0,2.0,6.0,18.0,2.0
14.575822,121.064324,1,1,34.0,436722.385798172,803159,10730000.0,29.0,0.0,2.0,6.0,18.0,2.0
14.575822,121.064324,2,2,110.0,436722.385798172,803159,39655000.0,29.0,0.0,2.0,6.0,18.0,2.0
14.575421,121.063867,1,1,34.0,436722.385798172,803159,10800000.0,29.0,0.0,2.0,6.0,18.0,2.0
14.575822,121.064324,1,1,66.0,436722.385798172,803159,23119000.0,29.0,0.0,2.0,6.0,18.0,2.0
14.575822,121.064324,2,2,106.0,436722.385798172,803159,34871000.0,29.0,0.0,2.0,6.0,18.0,2.0
14.575822,121.064324,1,1,65.0,436722.385798172,803159,21549000.0,29.0,0.0,2.0,6.0,18.0,2.0
14.575822,121.064324,1,1,67.0,436722.385798172,803159,22403000.0,29.0,0.0,2.0,6.0,18.0,2.0
14.575822,121.064324,1,1,67.0,436722.385798172,803159,21663000.0,29.0,0.0,2.0,6.0,18.0,2.0
14.575822,121.064324,1,1,46.0,436722.385798172,803159,13323000.0,29.0,0.0,2.0,6.0,18.0,2.0
14.575822,121.064324,2,2,104.0,436722.385798172,803159,32334000.0,29.0,0.0,2.0,6.0,18.0,2.0
14.575822,121.064324,1,1,46.0,436722.385798172,803159,13323000.0,29.0,0.0,2.0,6.0,18.0,2.0
14.575822,121.064324,2,2,106.0,436722.385798172,803159,37172000.0,29.0,0.0,2.0,6.0,18.0,2.0
14.575822,121.064324,1,1,45.0,436722.385798172,803159,12377000.0,29.0,0.0,2.0,6.0,18.0,2.0
14.575822,121.064324,1,1,67.0,436722.385798172,803159,23718000.0,29.0,0.0,2.0,6.0,18.0,2.0
14.575822,121.064324,1,1,45.0,436722.385798172,803159,12265000.0,29.0,0.0,2.0,6.0,18.0,2.0
14.575822,121.064324,1,1,65.0,436722.385798172,803159,20739000.0,29.0,0.0,2.0,6.0,18.0,2.0
14.575822,121.064324,2,2,104.0,436722.385798172,803159,33272000.0,29.0,0.0,2.0,6.0,18.0,2.0
14.575822,121.064324,1,1,45.0,436722.385798172,803159,12377000.0,29.0,0.0,2.0,6.0,18.0,2.0
14.575822,121.064324,1,1,67.0,436722.385798172,803159,21856000.0,29.0,0.0,2.0,6.0,18.0,2.0
14.575822,121.064324,2,2,104.0,436722.385798172,803159,32421000.0,29.0,0.0,2.0,6.0,18.0,2.0
14.575822,121.064324,3,3,152.0,436722.385798172,803159,57210000.0,29.0,0.0,2.0,6.0,18.0,2.0
14.575822,121.064324,2,2,104.0,436722.385798172,803159,31226000.0,29.0,0.0,2.0,6.0,18.0,2.0
14.575822,121.064324,1,1,65.0,436722.385798172,803159,20313000.0,29.0,0.0,2.0,6.0,18.0,2.0
14.575822,121.064324,2,2,104.0,436722.385798172,803159,31734000.0,29.0,0.0,2.0,6.0,18.0,2.0
14.575822,121.064324,1,1,41.0,436722.385798172,803159,11971000.0,29.0,0.0,2.0,6.0,18.0,2.0
14.575822,121.064324,2,2,110.0,436722.385798172,803159,40006000.0,29.0,0.0,2.0,6.0,18.0,2.0
14.575822,121.064324,1,1,66.0,436722.385798172,803159,22557000.0,29.0,0.0,2.0,6.0,18.0,2.0
14.575421,121.063867,2,2,106.0,436722.385798172,803159,33871000.0,29.0,0.0,2.0,6.0,18.0,2.0
14.575822,121.064324,2,2,106.0,436722.385798172,803159,33574000.0,29.0,0.0,2.0,6.0,18.0,2.0
14.575822,121.064324,2,2,104.0,436722.385798172,803159,31821000.0,29.0,0.0,2.0,6.0,18.0,2.0
14.575421,121.063867,2,2,106.0,436722.385798172,803159,33871000.0,29.0,0.0,2.0,6.0,18.0,2.0
14.575822,121.064324,1,1,66.0,436722.385798172,803159,22557000.0,29.0,0.0,2.0,6.0,18.0,2.0
14.575822,121.064324,2,2,104.0,436722.385798172,803159,31569000.0,29.0,0.0,2.0,6.0,18.0,2.0
14.575822,121.064324,2,2,110.0,436722.385798172,803159,40006000.0,29.0,0.0,2.0,6.0,18.0,2.0
14.575822,121.064324,2,2,116.0,436722.385798172,803159,42394000.0,29.0,0.0,2.0,6.0,18.0,2.0
14.575822,121.064324,1,1,67.0,436722.385798172,803159,21987000.0,29.0,0.0,2.0,6.0,18.0,2.0
14.575822,121.064324,1,1,70.0,436722.385798172,803159,22863000.0,29.0,0.0,2.0,6.0,18.0,2.0
14.575822,121.064324,3,3,151.0,436722.385798172,803159,56826000.0,29.0,0.0,2.0,6.0,18.0,2.0
14.575822,121.064324,1,1,39.0,436722.385798172,803159,11571000.0,29.0,0.0,2.0,6.0,18.0,2.0
14.575822,121.064324,1,1,67.0,436722.385798172,803159,22974000.0,29.0,0.0,2.0,6.0,18.0,2.0
14.575822,121.064324,1,1,66.0,436722.385798172,803159,21596000.0,29.0,0.0,2.0,6.0,18.0,2.0
14.575822,121.064324,1,1,39.0,436722.385798172,803159,11793000.0,29.0,0.0,2.0,6.0,18.0,2.0
14.575822,121.064324,1,1,66.0,436722.385798172,803159,22749000.0,29.0,0.0,2.0,6.0,18.0,2.0
14.575822,121.064324,1,1,67.0,436722.385798172,803159,21987000.0,29.0,0.0,2.0,6.0,18.0,2.0
14.575822,121.064324,1,1,70.0,436722.385798172,803159,23671000.0,29.0,0.0,2.0,6.0,18.0,2.0
14.575822,121.064324,1,1,67.0,436722.385798172,803159,23188000.0,29.0,0.0,2.0,6.0,18.0,2.0
14.575822,121.064324,1,1,70.0,436722.385798172,803159,23671000.0,29.0,0.0,2.0,6.0,18.0,2.0
14.575822,121.064324,1,1,45.0,436722.385798172,803159,12415000.0,29.0,0.0,2.0,6.0,18.0,2.0
14.575822,121.064324,1,1,70.0,436722.385798172,803159,22863000.0,29.0,0.0,2.0,6.0,18.0,2.0
14.575822,121.064324,2,2,106.0,436722.385798172,803159,35907000.0,29.0,0.0,2.0,6.0,18.0,2.0
14.575822,121.064324,2,2,106.0,436722.385798172,803159,35907000.0,29.0,0.0,2.0,6.0,18.0,2.0
14.575822,121.064324,2,2,106.0,436722.385798172,803159,34599000.0,29.0,0.0,2.0,6.0,18.0,2.0
14.575822,121.064324,3,3,147.0,436722.385798172,803159,52075000.0,29.0,0.0,2.0,6.0,18.0,2.0
14.575822,121.064324,3,3,147.0,436722.385798172,803159,52075000.0,29.0,0.0,2.0,6.0,18.0,2.0
14.575822,121.064324,2,2,106.0,436722.385798172,803159,35996000.0,29.0,0.0,2.0,6.0,18.0,2.0
14.575822,121.064324,2,2,104.0,436722.385798172,803159,31971000.0,29.0,0.0,2.0,6.0,18.0,2.0
14.575822,121.064324,2,2,106.0,436722.385798172,803159,36157000.0,29.0,0.0,2.0,6.0,18.0,2.0
14.575822,121.064324,2,2,104.0,436722.385798172,803159,32474000.0,29.0,0.0,2.0,6.0,18.0,2.0
14.575822,121.064324,2,2,106.0,436722.385798172,803159,33272000.0,29.0,0.0,2.0,6.0,18.0,2.0
14.565391,121.06934,1,1,22.0,1245797.46286544,803159,3900000.0,10.0,1.0,5.0,1.0,15.0,2.0
14.565391,121.06934,1,1,32.0,1245797.46286544,803159,6100000.0,10.0,1.0,5.0,1.0,15.0,2.0
14.601887,121.093698,2,1,54.0,5721929.61183263,803159,5500000.0,11.0,10.0,9.0,8.0,14.0,1.0
14.601887,121.093698,1,1,26.0,5721929.61183263,803159,3890000.0,11.0,10.0,9.0,8.0,14.0,1.0
14.601887,121.093698,1,1,32.0,5721929.61183263,803159,4200000.0,11.0,10.0,9.0,8.0,14.0,1.0
14.6018,121.0885977937,2,2,67.0,5721929.61183263,803159,14612268.0,11.0,10.0,9.0,8.0,14.0,1.0
14.601887,121.093698,1,1,35.0,5721929.61183263,803159,4800000.0,11.0,10.0,9.0,8.0,14.0,1.0
14.555535,121.090095,2,1,37.0,1473725.60698654,803159,5008864.0,0.0,1.0,2.0,1.0,1.0,0.0
14.555535,121.090095,2,1,37.0,1473725.60698654,803159,5008864.0,0.0,1.0,2.0,1.0,1.0,0.0
14.555535,121.090095,2,1,37.0,1473725.60698654,803159,5008864.0,0.0,1.0,2.0,1.0,1.0,0.0
14.555535,121.090095,1,1,27.0,1473725.60698654,803159,3297501.0,0.0,1.0,2.0,1.0,1.0,0.0
14.555535,121.090095,1,1,27.0,1473725.60698654,803159,3297501.0,0.0,1.0,2.0,1.0,1.0,0.0
14.555535,121.090095,1,1,27.0,1473725.60698654,803159,3297501.0,0.0,1.0,2.0,1.0,1.0,0.0
14.555535,121.090095,2,1,37.0,1473725.60698654,803159,5008864.0,0.0,1.0,2.0,1.0,1.0,0.0
14.555535,121.090095,2,1,37.0,1473725.60698654,803159,5008864.0,0.0,1.0,2.0,1.0,1.0,0.0
14.572246,121.05402,1,1,33.0,796097.795560021,803159,5700000.0,34.0,2.0,3.0,1.0,8.0,11.0
14.572246,121.05402,1,1,17.0,796097.795560021,803159,4100000.0,34.0,2.0,3.0,1.0,8.0,11.0
14.578255,121.052143,1,1,32.0,951617.462249715,425758,7587013.0,35.0,3.0,7.0,4.0,9.0,1.0
14.578255,121.052143,1,1,33.0,951617.462249715,425758,8360751.0,35.0,3.0,7.0,4.0,9.0,1.0
14.578255,121.052143,2,2,84.0,951617.462249715,425758,16806000.0,35.0,3.0,7.0,4.0,9.0,1.0
14.578255,121.052143,1,1,33.0,951617.462249715,425758,8034705.0,35.0,3.0,7.0,4.0,9.0,1.0
14.578255,121.052143,1,1,18.0,951617.462249715,425758,1962165.0,35.0,3.0,7.0,4.0,9.0,1.0
14.578255,121.052143,2,2,84.0,951617.462249715,425758,15982506.0,35.0,3.0,7.0,4.0,9.0,1.0
14.578255,121.052143,1,1,33.0,951617.462249715,425758,8018070.0,35.0,3.0,7.0,4.0,9.0,1.0
14.578255,121.052143,1,1,31.0,951617.462249715,425758,7623299.0,35.0,3.0,7.0,4.0,9.0,1.0
14.578255,121.052143,1,1,57.0,951617.462249715,425758,12069664.0,35.0,3.0,7.0,4.0,9.0,1.0
14.578255,121.052143,2,2,84.0,951617.462249715,425758,16125357.0,35.0,3.0,7.0,4.0,9.0,1.0
14.578255,121.052143,1,1,33.0,951617.462249715,425758,7948203.0,35.0,3.0,7.0,4.0,9.0,1.0
14.578255,121.052143,1,1,32.0,951617.462249715,425758,7216034.0,35.0,3.0,7.0,4.0,9.0,1.0
14.578255,121.052143,1,1,32.0,951617.462249715,425758,7278411.0,35.0,3.0,7.0,4.0,9.0,1.0
14.578255,121.052143,1,1,33.0,951617.462249715,425758,8107899.0,35.0,3.0,7.0,4.0,9.0,1.0
14.578255,121.052143,3,2,54.0,951617.462249715,425758,5565680.0,35.0,3.0,7.0,4.0,9.0,1.0
14.578255,121.052143,2,2,84.0,951617.462249715,425758,16688358.0,35.0,3.0,7.0,4.0,9.0,1.0
14.578255,121.052143,1,1,32.0,951617.462249715,425758,6966526.0,35.0,3.0,7.0,4.0,9.0,1.0
14.578255,121.052143,1,1,25.0,951617.462249715,425758,2392852.0,35.0,3.0,7.0,4.0,9.0,1.0
14.578255,121.052143,3,2,54.0,951617.462249715,425758,5565680.0,35.0,3.0,7.0,4.0,9.0,1.0
14.578255,121.052143,1,1,32.0,951617.462249715,425758,7035469.0,35.0,3.0,7.0,4.0,9.0,1.0
14.578255,121.052143,1,1,33.0,951617.462249715,425758,8091264.0,35.0,3.0,7.0,4.0,9.0,1.0
14.578255,121.052143,1,1,57.0,951617.462249715,425758,12508872.0,35.0,3.0,7.0,4.0,9.0,1.0
14.578255,121.052143,2,2,84.0,951617.462249715,425758,16545507.0,35.0,3.0,7.0,4.0,9.0,1.0
14.578255,121.052143,1,2,50.0,951617.462249715,425758,5254367.0,35.0,3.0,7.0,4.0,9.0,1.0
14.578255,121.052143,1,1,34.0,951617.462249715,425758,3816429.0,35.0,3.0,7.0,4.0,9.0,1.0
14.578255,121.052143,1,1,31.0,951617.462249715,425758,7636063.0,35.0,3.0,7.0,4.0,9.0,1.0
14.578255,121.052143,1,1,31.0,951617.462249715,425758,7636063.0,35.0,3.0,7.0,4.0,9.0,1.0
14.578255,121.052143,1,2,46.0,951617.462249715,425758,4400659.0,35.0,3.0,7.0,4.0,9.0,1.0
14.578255,121.052143,1,2,46.0,951617.462249715,425758,4400659.0,35.0,3.0,7.0,4.0,9.0,1.0
14.578255,121.052143,2,2,84.0,951617.462249715,425758,16612731.0,35.0,3.0,7.0,4.0,9.0,1.0
14.578255,121.052143,2,2,84.0,951617.462249715,425758,16974060.0,35.0,3.0,7.0,4.0,9.0,1.0
14.578255,121.052143,1,1,24.0,951617.462249715,425758,2683702.0,35.0,3.0,7.0,4.0,9.0,1.0
14.578255,121.052143,1,1,32.0,951617.462249715,425758,6996073.0,35.0,3.0,7.0,4.0,9.0,1.0
14.578255,121.052143,1,1,32.0,951617.462249715,425758,7324373.0,35.0,3.0,7.0,4.0,9.0,1.0
14.578255,121.052143,2,2,84.0,951617.462249715,425758,16806000.0,35.0,3.0,7.0,4.0,9.0,1.0
14.578255,121.052143,1,1,32.0,951617.462249715,425758,7055167.0,35.0,3.0,7.0,4.0,9.0,1.0
14.578255,121.052143,2,2,84.0,951617.462249715,425758,16461477.0,35.0,3.0,7.0,4.0,9.0,1.0
14.578255,121.052143,1,1,33.0,951617.462249715,425758,8300865.0,35.0,3.0,7.0,4.0,9.0,1.0
14.578255,121.052143,1,1,55.0,951617.462249715,425758,12169372.0,35.0,3.0,7.0,4.0,9.0,1.0
14.578255,121.052143,1,1,57.0,951617.462249715,425758,12046848.0,35.0,3.0,7.0,4.0,9.0,1.0
14.578255,121.052143,1,1,31.0,951617.462249715,425758,7699883.0,35.0,3.0,7.0,4.0,9.0,1.0
14.578255,121.052143,1,1,57.0,951617.462249715,425758,11932768.0,35.0,3.0,7.0,4.0,9.0,1.0
14.578255,121.052143,1,1,32.0,951617.462249715,425758,7419580.0,35.0,3.0,7.0,4.0,9.0,1.0
14.578255,121.052143,1,1,37.0,951617.462249715,425758,8569389.0,35.0,3.0,7.0,4.0,9.0,1.0
14.578255,121.052143,1,1,31.0,951617.462249715,425758,7699883.0,35.0,3.0,7.0,4.0,9.0,1.0
14.578255,121.052143,1,1,33.0,951617.462249715,425758,8360751.0,35.0,3.0,7.0,4.0,9.0,1.0
14.578255,121.052143,1,1,36.0,951617.462249715,425758,8237774.0,35.0,3.0,7.0,4.0,9.0,1.0
14.578255,121.052143,1,1,57.0,951617.462249715,425758,11932768.0,35.0,3.0,7.0,4.0,9.0,1.0
14.578255,121.052143,1,1,32.0,951617.462249715,425758,7091280.0,35.0,3.0,7.0,4.0,9.0,1.0
14.578255,121.052143,1,1,31.0,951617.462249715,425758,7744557.0,35.0,3.0,7.0,4.0,9.0,1.0
14.578255,121.052143,1,1,31.0,951617.462249715,425758,7722220.0,35.0,3.0,7.0,4.0,9.0,1.0
14.578255,121.052143,1,1,31.0,951617.462249715,425758,7961545.0,35.0,3.0,7.0,4.0,9.0,1.0
14.578255,121.052143,1,1,32.0,951617.462249715,425758,7432712.0,35.0,3.0,7.0,4.0,9.0,1.0
14.578255,121.052143,1,1,33.0,951617.462249715,425758,7961511.0,35.0,3.0,7.0,4.0,9.0,1.0
14.578255,121.052143,1,1,54.0,951617.462249715,425758,12094554.0,35.0,3.0,7.0,4.0,9.0,1.0
14.578255,121.052143,1,1,31.0,951617.462249715,425758,7722220.0,35.0,3.0,7.0,4.0,9.0,1.0
14.578255,121.052143,1,1,31.0,951617.462249715,425758,7744557.0,35.0,3.0,7.0,4.0,9.0,1.0
14.578255,121.052143,1,1,31.0,951617.462249715,425758,7961545.0,35.0,3.0,7.0,4.0,9.0,1.0
14.578255,121.052143,1,1,32.0,951617.462249715,425758,7432712.0,35.0,3.0,7.0,4.0,9.0,1.0
14.578255,121.052143,1,1,54.0,951617.462249715,425758,11526579.0,35.0,3.0,7.0,4.0,9.0,1.0
14.578255,121.052143,1,1,31.0,951617.462249715,425758,7776467.0,35.0,3.0,7.0,4.0,9.0,1.0
14.578255,121.052143,1,1,32.0,951617.462249715,425758,7288260.0,35.0,3.0,7.0,4.0,9.0,1.0
14.578255,121.052143,1,1,57.0,951617.462249715,425758,12540432.0,35.0,3.0,7.0,4.0,9.0,1.0
14.578255,121.052143,1,1,33.0,951617.462249715,425758,8028051.0,35.0,3.0,7.0,4.0,9.0,1.0
14.578255,121.052143,1,1,31.0,951617.462249715,425758,7776467.0,35.0,3.0,7.0,4.0,9.0,1.0
14.578255,121.052143,2,2,84.0,951617.462249715,425758,16242999.0,35.0,3.0,7.0,4.0,9.0,1.0
14.578255,121.052143,2,2,84.0,951617.462249715,425758,16940448.0,35.0,3.0,7.0,4.0,9.0,1.0
14.578255,121.052143,1,1,57.0,951617.462249715,425758,12540432.0,35.0,3.0,7.0,4.0,9.0,1.0
14.578255,121.052143,1,1,32.0,951617.462249715,425758,7288260.0,35.0,3.0,7.0,4.0,9.0,1.0
14.578255,121.052143,2,2,84.0,951617.462249715,425758,16940448.0,35.0,3.0,7.0,4.0,9.0,1.0
14.578255,121.052143,2,2,84.0,951617.462249715,425758,16940448.0,35.0,3.0,7.0,4.0,9.0,1.0
14.578255,121.052143,1,1,32.0,951617.462249715,425758,7580447.0,35.0,3.0,7.0,4.0,9.0,1.0
14.578255,121.052143,1,1,31.0,951617.462249715,425758,8018983.0,35.0,3.0,7.0,4.0,9.0,1.0
14.592173,121.053333,1,1,57.0,2727169.5258457,425758,14488740.0,50.0,5.0,9.0,3.0,30.0,6.0
14.592173,121.053333,1,1,27.0,2727169.5258457,425758,6423156.0,50.0,5.0,9.0,3.0,30.0,6.0
14.592173,121.053333,1,1,20.0,2727169.5258457,425758,4746044.0,50.0,5.0,9.0,3.0,30.0,6.0
14.592173,121.053333,1,1,34.0,2727169.5258457,425758,8098491.0,50.0,5.0,9.0,3.0,30.0,6.0
14.592173,121.053333,1,1,45.0,2727169.5258457,425758,10705260.0,50.0,5.0,9.0,3.0,30.0,6.0
14.592173,121.053333,2,1,52.0,2727169.5258457,425758,12370523.0,50.0,5.0,9.0,3.0,30.0,6.0
14.592173,121.053333,2,1,69.0,2727169.5258457,425758,16414733.0,50.0,5.0,9.0,3.0,30.0,6.0
14.592173,121.053333,1,1,116.0,2727169.5258457,425758,29623317.0,50.0,5.0,9.0,3.0,30.0,6.0
14.592173,121.053333,2,1,63.0,2727169.5258457,425758,15024692.0,50.0,5.0,9.0,3.0,30.0,6.0
14.592173,121.053333,2,1,57.0,2727169.5258457,425758,13593769.0,50.0,5.0,9.0,3.0,30.0,6.0
14.592173,121.053333,1,1,121.0,2727169.5258457,425758,30900184.0,50.0,5.0,9.0,3.0,30.0,6.0
14.592173,121.053333,1,1,63.0,2727169.5258457,425758,16088526.0,50.0,5.0,9.0,3.0,30.0,6.0
14.592173,121.053333,1,1,27.0,2727169.5258457,425758,6423156.0,50.0,5.0,9.0,3.0,30.0,6.0
14.592173,121.053333,1,1,63.0,2727169.5258457,425758,16088526.0,50.0,5.0,9.0,3.0,30.0,6.0
14.571338,121.04641,3,2,74.0,430053.48741061,425758,7852870.0,17.0,0.0,4.0,0.0,4.0,3.0
14.571338,121.04641,2,2,44.0,430053.48741061,425758,5208904.0,17.0,0.0,4.0,0.0,4.0,3.0
14.571338,121.04641,1,1,24.0,430053.48741061,425758,4200000.0,17.0,0.0,4.0,0.0,4.0,3.0
14.571338,121.04641,1,1,19.0,430053.48741061,425758,2378396.0,17.0,0.0,4.0,0.0,4.0,3.0
14.571338,121.04641,2,2,51.0,430053.48741061,425758,12700000.0,17.0,0.0,4.0,0.0,4.0,3.0
14.571604,121.031359,2,1,53.0,324135.657101707,425758,7500000.0,5.0,0.0,1.0,1.0,0.0,0.0
14.68155,121.0198,2,1,35.0,1730372.71732077,2960048,6363100.0,9.0,4.0,5.0,2.0,6.0,3.0
14.68155,121.0198,2,1,35.0,1730372.71732077,2960048,6363100.0,9.0,4.0,5.0,2.0,6.0,3.0
14.68155,121.0198,1,1,27.0,1730372.71732077,2960048,3113220.0,9.0,4.0,5.0,2.0,6.0,3.0
14.68155,121.0198,2,1,35.0,1730372.71732077,2960048,6363100.0,9.0,4.0,5.0,2.0,6.0,3.0
14.68155,121.0198,2,1,35.0,1730372.71732077,2960048,6363100.0,9.0,4.0,5.0,2.0,6.0,3.0
14.68155,121.0198,3,2,54.0,1730372.71732077,2960048,7802700.0,9.0,4.0,5.0,2.0,6.0,3.0
14.68155,121.0198,3,2,54.0,1730372.71732077,2960048,7802700.0,9.0,4.0,5.0,2.0,6.0,3.0
14.68155,121.0198,3,2,54.0,1730372.71732077,2960048,7802700.0,9.0,4.0,5.0,2.0,6.0,3.0
14.68155,121.0198,3,2,54.0,1730372.71732077,2960048,7802700.0,9.0,4.0,5.0,2.0,6.0,3.0
14.68155,121.0198,2,1,35.0,1730372.71732077,2960048,6363100.0,9.0,4.0,5.0,2.0,6.0,3.0
14.68155,121.0198,2,1,35.0,1730372.71732077,2960048,6363100.0,9.0,4.0,5.0,2.0,6.0,3.0
14.68155,121.0198,2,1,35.0,1730372.71732077,2960048,6363100.0,9.0,4.0,5.0,2.0,6.0,3.0
14.68155,121.0198,2,1,35.0,1730372.71732077,2960048,6363100.0,9.0,4.0,5.0,2.0,6.0,3.0
14.68155,121.0198,2,1,35.0,1730372.71732077,2960048,6363100.0,9.0,4.0,5.0,2.0,6.0,3.0
14.68155,121.0198,2,1,35.0,1730372.71732077,2960048,6363100.0,9.0,4.0,5.0,2.0,6.0,3.0
14.68155,121.0198,3,2,54.0,1730372.71732077,2960048,7802700.0,9.0,4.0,5.0,2.0,6.0,3.0
14.68155,121.0198,2,1,35.0,1730372.71732077,2960048,6363100.0,9.0,4.0,5.0,2.0,6.0,3.0
14.68155,121.0198,2,1,35.0,1730372.71732077,2960048,6363100.0,9.0,4.0,5.0,2.0,6.0,3.0
14.68155,121.0198,3,2,54.0,1730372.71732077,2960048,7802700.0,9.0,4.0,5.0,2.0,6.0,3.0
14.60892,121.0798,1,1,30.0,1509442.97736242,2960048,3800000.0,109.0,2.0,6.0,2.0,30.0,4.0
14.605396,121.081903,1,1,62.0,1509442.97736242,2960048,9353260.0,109.0,2.0,6.0,2.0,30.0,4.0
14.605396,121.081903,2,2,67.0,1509442.97736242,2960048,14612268.0,109.0,2.0,6.0,2.0,30.0,4.0
14.605396,121.081903,2,2,67.0,1509442.97736242,2960048,14612268.0,109.0,2.0,6.0,2.0,30.0,4.0
14.605396,121.081903,2,2,67.0,1509442.97736242,2960048,14278110.0,109.0,2.0,6.0,2.0,30.0,4.0
14.605396,121.081903,2,2,67.0,1509442.97736242,2960048,14278110.0,109.0,2.0,6.0,2.0,30.0,4.0
14.605396,121.081903,2,2,67.0,1509442.97736242,2960048,14612268.0,109.0,2.0,6.0,2.0,30.0,4.0
14.605396,121.081903,2,2,67.0,1509442.97736242,2960048,14612268.0,109.0,2.0,6.0,2.0,30.0,4.0
14.605396,121.081903,2,2,67.0,1509442.97736242,2960048,14612268.0,109.0,2.0,6.0,2.0,30.0,4.0
14.605396,121.081903,2,2,67.0,1509442.97736242,2960048,14278110.0,109.0,2.0,6.0,2.0,30.0,4.0
14.605396,121.081903,1,1,51.0,1509442.97736242,2960048,10097000.0,109.0,2.0,6.0,2.0,30.0,4.0
14.605396,121.081903,1,1,51.0,1509442.97736242,2960048,8990000.0,109.0,2.0,6.0,2.0,30.0,4.0
14.605396,121.081903,1,1,51.0,1509442.97736242,2960048,8990000.0,109.0,2.0,6.0,2.0,30.0,4.0
14.605396,121.081903,1,1,51.0,1509442.97736242,2960048,10097000.0,109.0,2.0,6.0,2.0,30.0,4.0
14.605396,121.081903,1,1,46.0,1509442.97736242,2960048,9397390.0,109.0,2.0,6.0,2.0,30.0,4.0
14.605396,121.081903,2,2,67.0,1509442.97736242,2960048,14278110.0,109.0,2.0,6.0,2.0,30.0,4.0
14.605396,121.081903,2,2,67.0,1509442.97736242,2960048,14278110.0,109.0,2.0,6.0,2.0,30.0,4.0
14.605396,121.081903,2,2,67.0,1509442.97736242,2960048,14278110.0,109.0,2.0,6.0,2.0,30.0,4.0
14.631613,121.023475,1,1,24.0,626417.074035767,2960048,2963760.0,15.0,0.0,0.0,0.0,3.0,0.0
14.631613,121.023475,2,1,36.0,626417.074035767,2960048,5479920.0,15.0,0.0,0.0,0.0,3.0,0.0
14.631613,121.023475,3,2,46.0,626417.074035767,2960048,6709716.0,15.0,0.0,0.0,0.0,3.0,0.0
14.631613,121.023475,1,1,24.0,626417.074035767,2960048,3040080.0,15.0,0.0,0.0,0.0,3.0,0.0
14.631613,121.023475,1,1,24.0,626417.074035767,2960048,3167280.0,15.0,0.0,0.0,0.0,3.0,0.0
14.631613,121.023475,3,2,46.0,626417.074035767,2960048,7123896.0,15.0,0.0,0.0,0.0,3.0,0.0
14.631613,121.023475,2,1,36.0,626417.074035767,2960048,4842720.0,15.0,0.0,0.0,0.0,3.0,0.0
14.631613,121.023475,3,2,46.0,626417.074035767,2960048,7123896.0,15.0,0.0,0.0,0.0,3.0,0.0
14.631613,121.023475,3,2,46.0,626417.074035767,2960048,6626880.0,15.0,0.0,0.0,0.0,3.0,0.0
14.646511,120.996952,3,2,112.0,196767.857022572,2960048,14600000.0,0.0,1.0,0.0,0.0,0.0,0.0
14.646511,120.996952,2,2,83.0,196767.857022572,2960048,9600000.0,0.0,1.0,0.0,0.0,0.0,0.0
14.646511,120.996952,3,2,46.0,196767.857022572,2960048,6709716.0,0.0,1.0,0.0,0.0,0.0,0.0
14.646511,120.996952,1,1,24.0,196767.857022572,2960048,3040080.0,0.0,1.0,0.0,0.0,0.0,0.0
14.646511,120.996952,3,2,139.0,196767.857022572,2960048,21700000.0,0.0,1.0,0.0,0.0,0.0,0.0
14.646511,120.996952,2,2,100.0,196767.857022572,2960048,11800000.0,0.0,1.0,0.0,0.0,0.0,0.0
14.646511,120.996952,2,1,36.0,196767.857022572,2960048,4842720.0,0.0,1.0,0.0,0.0,0.0,0.0
14.646511,120.996952,1,1,24.0,196767.857022572,2960048,2963760.0,0.0,1.0,0.0,0.0,0.0,0.0
14.646511,120.996952,3,2,46.0,196767.857022572,2960048,7123896.0,0.0,1.0,0.0,0.0,0.0,0.0
14.646511,120.996952,3,2,46.0,196767.857022572,2960048,6626880.0,0.0,1.0,0.0,0.0,0.0,0.0
14.646511,120.996952,1,1,24.0,196767.857022572,2960048,3167280.0,0.0,1.0,0.0,0.0,0.0,0.0
14.646511,120.996952,1,1,24.0,196767.857022572,2960048,3167280.0,0.0,1.0,0.0,0.0,0.0,0.0
14.646511,120.996952,2,1,36.0,196767.857022572,2960048,5310000.0,0.0,1.0,0.0,0.0,0.0,0.0
14.646511,120.996952,2,1,36.0,196767.857022572,2960048,5310000.0,0.0,1.0,0.0,0.0,0.0,0.0
14.646511,120.996952,2,1,36.0,196767.857022572,2960048,5479920.0,0.0,1.0,0.0,0.0,0.0,0.0
14.640624,121.076504,1,1,41.0,1828569.71207161,2960048,3811333.0,85.0,6.0,6.0,1.0,26.0,17.0
14.640624,121.076504,1,1,24.0,1828569.71207161,2960048,2131988.0,85.0,6.0,6.0,1.0,26.0,17.0
14.640624,121.076504,1,1,17.0,1828569.71207161,2960048,1916509.0,85.0,6.0,6.0,1.0,26.0,17.0
14.644874,121.050593,2,2,68.0,2166277.58141687,2960048,10000000.0,65.0,3.0,13.0,8.0,16.0,10.0
14.644874,121.050593,1,1,40.0,2166277.58141687,2960048,7300000.0,65.0,3.0,13.0,8.0,16.0,10.0
14.644874,121.050593,2,2,68.0,2166277.58141687,2960048,10100000.0,65.0,3.0,13.0,8.0,16.0,10.0
14.644874,121.050593,1,1,40.0,2166277.58141687,2960048,6000000.0,65.0,3.0,13.0,8.0,16.0,10.0
14.644874,121.050593,2,2,68.0,2166277.58141687,2960048,12200000.0,65.0,3.0,13.0,8.0,16.0,10.0
14.644874,121.050593,2,2,68.0,2166277.58141687,2960048,12200000.0,65.0,3.0,13.0,8.0,16.0,10.0
14.644874,121.050593,2,2,68.0,2166277.58141687,2960048,10000000.0,65.0,3.0,13.0,8.0,16.0,10.0
14.644874,121.050593,2,2,68.0,2166277.58141687,2960048,10000000.0,65.0,3.0,13.0,8.0,16.0,10.0
14.644874,121.050593,1,1,40.0,2166277.58141687,2960048,6500000.0,65.0,3.0,13.0,8.0,16.0,10.0
14.644874,121.050593,1,1,40.0,2166277.58141687,2960048,6500000.0,65.0,3.0,13.0,8.0,16.0,10.0
14.644874,121.050593,2,2,68.0,2166277.58141687,2960048,10100000.0,65.0,3.0,13.0,8.0,16.0,10.0
14.644874,121.050593,2,2,68.0,2166277.58141687,2960048,10100000.0,65.0,3.0,13.0,8.0,16.0,10.0
14.621176,121.022808,2,1,39.0,1639664.55621856,2960048,6785600.0,12.0,2.0,2.0,1.0,7.0,1.0
14.621176,121.022808,3,2,53.0,1639664.55621856,2960048,8229500.0,12.0,2.0,2.0,1.0,7.0,1.0
14.621176,121.022808,2,1,39.0,1639664.55621856,2960048,6785600.0,12.0,2.0,2.0,1.0,7.0,1.0
14.621176,121.022808,3,2,56.0,1639664.55621856,2960048,7700000.0,12.0,2.0,2.0,1.0,7.0,1.0
14.621176,121.022808,2,1,39.0,1639664.55621856,2960048,7136000.0,12.0,2.0,2.0,1.0,7.0,1.0
14.621176,121.022808,3,2,56.0,1639664.55621856,2960048,7700000.0,12.0,2.0,2.0,1.0,7.0,1.0
14.61633,121.0306,1,1,38.0,1639664.55621856,2960048,8125190.0,12.0,2.0,2.0,1.0,7.0,1.0
14.621176,121.022808,2,1,39.0,1639664.55621856,2960048,6785600.0,12.0,2.0,2.0,1.0,7.0,1.0
14.61633,121.0306,1,1,38.0,1639664.55621856,2960048,8125190.0,12.0,2.0,2.0,1.0,7.0,1.0
14.621176,121.022808,3,2,53.0,1639664.55621856,2960048,8229500.0,12.0,2.0,2.0,1.0,7.0,1.0
14.621176,121.022808,2,1,39.0,1639664.55621856,2960048,6785600.0,12.0,2.0,2.0,1.0,7.0,1.0
14.61416,121.039,1,1,58.0,399954.965779265,2960048,10500000.0,13.0,0.0,1.0,1.0,2.0,1.0
14.61416,121.039,1,1,36.0,399954.965779265,2960048,7200000.0,13.0,0.0,1.0,1.0,2.0,1.0
14.61416,121.039,1,1,48.0,399954.965779265,2960048,9400000.0,13.0,0.0,1.0,1.0,2.0,1.0
14.61777,121.0572,1,1,30.0,1164284.34859129,2960048,5600000.0,80.0,3.0,11.0,1.0,37.0,30.0
14.61777,121.0572,1,1,22.0,1164284.34859129,2960048,4100000.0,80.0,3.0,11.0,1.0,37.0,30.0
14.434669,121.040194,3,2,76.0,4555097.87433731,543445,8824800.0,7.0,2.0,3.0,2.0,11.0,0.0
14.434669,121.040194,2,1,58.0,4555097.87433731,543445,4668600.0,7.0,2.0,3.0,2.0,11.0,0.0
14.434669,121.040194,1,1,30.0,4555097.87433731,543445,2515625.0,7.0,2.0,3.0,2.0,11.0,0.0
14.434669,121.040194,1,1,30.0,4555097.87433731,543445,2515625.0,7.0,2.0,3.0,2.0,11.0,0.0
14.434669,121.040194,1,1,30.0,4555097.87433731,543445,2515625.0,7.0,2.0,3.0,2.0,11.0,0.0
14.434669,121.040194,1,1,40.0,4555097.87433731,543445,3756900.0,7.0,2.0,3.0,2.0,11.0,0.0
14.434669,121.040194,2,1,54.0,4555097.87433731,543445,5071500.0,7.0,2.0,3.0,2.0,11.0,0.0
14.434669,121.040194,2,1,54.0,4555097.87433731,543445,5071500.0,7.0,2.0,3.0,2.0,11.0,0.0
14.434669,121.040194,2,1,58.0,4555097.87433731,543445,5446700.0,7.0,2.0,3.0,2.0,11.0,0.0
14.434669,121.040194,2,1,58.0,4555097.87433731,543445,5446700.0,7.0,2.0,3.0,2.0,11.0,0.0
14.434669,121.040194,1,1,40.0,4555097.87433731,543445,3756900.0,7.0,2.0,3.0,2.0,11.0,0.0
14.434669,121.040194,2,1,54.0,4555097.87433731,543445,5071500.0,7.0,2.0,3.0,2.0,11.0,0.0
14.434669,121.040194,1,1,40.0,4555097.87433731,543445,3756900.0,7.0,2.0,3.0,2.0,11.0,0.0
14.434669,121.040194,1,1,40.0,4555097.87433731,543445,4644600.0,7.0,2.0,3.0,2.0,11.0,0.0
14.434669,121.040194,1,1,40.0,4555097.87433731,543445,3756900.0,7.0,2.0,3.0,2.0,11.0,0.0
14.434669,121.040194,2,1,58.0,4555097.87433731,543445,5446700.0,7.0,2.0,3.0,2.0,11.0,0.0
14.434669,121.040194,1,1,40.0,4555097.87433731,543445,4644600.0,7.0,2.0,3.0,2.0,11.0,0.0
14.4179774,121.037608,2,2,74.0,4261594.05285885,543445,10000000.0,109.0,2.0,23.0,4.0,27.0,14.0
14.4179774,121.037608,2,2,74.0,4261594.05285885,543445,10000000.0,109.0,2.0,23.0,4.0,27.0,14.0
14.4179774,121.037608,2,2,73.0,4261594.05285885,543445,8900000.0,109.0,2.0,23.0,4.0,27.0,14.0
14.4179774,121.037608,1,1,37.0,4261594.05285885,543445,4500000.0,109.0,2.0,23.0,4.0,27.0,14.0
14.4179774,121.037608,1,1,39.0,4261594.05285885,543445,6000000.0,109.0,2.0,23.0,4.0,27.0,14.0
14.446596,120.987165,2,1,48.0,314051.204284182,606293,6500000.0,15.0,0.0,2.0,0.0,10.0,1.0
14.446596,120.987165,1,1,22.0,314051.204284182,606293,2600000.0,15.0,0.0,2.0,0.0,10.0,1.0
14.446596,120.987165,2,1,48.0,314051.204284182,606293,6500000.0,15.0,0.0,2.0,0.0,10.0,1.0
14.446596,120.987165,1,1,22.0,314051.204284182,606293,2600000.0,15.0,0.0,2.0,0.0,10.0,1.0
14.446596,120.987165,1,1,22.0,314051.204284182,606293,2600000.0,15.0,0.0,2.0,0.0,10.0,1.0
14.4324914,121.0140532,2,2,58.0,1883746.60354488,606293,5526622.0,55.0,2.0,9.0,1.0,21.0,3.0
14.4324914,121.0140532,1,1,28.0,1883746.60354488,606293,2881668.0,55.0,2.0,9.0,1.0,21.0,3.0
14.4324914,121.0140532,1,1,17.0,1883746.60354488,606293,1833376.0,55.0,2.0,9.0,1.0,21.0,3.0
14.4324914,121.0140532,1,1,28.0,1883746.60354488,606293,2881668.0,55.0,2.0,9.0,1.0,21.0,3.0
14.4324914,121.0140532,2,1,58.0,1883746.60354488,606293,5526622.0,55.0,2.0,9.0,1.0,21.0,3.0
14.4324914,121.0140532,1,1,23.0,1883746.60354488,606293,2687891.0,55.0,2.0,9.0,1.0,21.0,3.0
14.4324914,121.0140532,1,1,23.0,1883746.60354488,606293,2687891.0,55.0,2.0,9.0,1.0,21.0,3.0
14.590526,120.985482,2,1,39.0,22435.6671226687,1846513,4900000.0,0.0,0.0,0.0,1.0,0.0,0.0
14.590526,120.985482,3,2,52.0,22435.6671226687,1846513,7500000.0,0.0,0.0,0.0,1.0,0.0,0.0
14.590526,120.985482,2,1,39.0,22435.6671226687,1846513,4900000.0,0.0,0.0,0.0,1.0,0.0,0.0
14.590526,120.985482,3,2,52.0,22435.6671226687,1846513,7500000.0,0.0,0.0,0.0,1.0,0.0,0.0
14.590526,120.985482,3,2,52.0,22435.6671226687,1846513,7500000.0,0.0,0.0,0.0,1.0,0.0,0.0
14.590526,120.985482,3,2,52.0,22435.6671226687,1846513,7500000.0,0.0,0.0,0.0,1.0,0.0,0.0
14.570199,120.991585,2,2,56.0,52671.7573738136,1846513,6623819.0,1.0,1.0,1.0,0.0,1.0,0.0
14.570199,120.991585,1,1,29.0,52671.7573738136,1846513,3020930.0,1.0,1.0,1.0,0.0,1.0,0.0
14.570199,120.991585,2,2,56.0,52671.7573738136,1846513,6623819.0,1.0,1.0,1.0,0.0,1.0,0.0
14.570199,120.991585,1,1,19.0,52671.7573738136,1846513,2226263.0,1.0,1.0,1.0,0.0,1.0,0.0
14.5822048,121.0135541,3,2,57.0,80977.1853140446,1846513,9516936.0,7.0,0.0,4.0,0.0,5.0,0.0
14.5822048,121.0135541,1,1,29.0,80977.1853140446,1846513,5028452.0,7.0,0.0,4.0,0.0,5.0,0.0
14.5822048,121.0135541,2,1,39.0,80977.1853140446,1846513,6522096.0,7.0,0.0,4.0,0.0,5.0,0.0
14.5822048,121.0135541,2,1,39.0,80977.1853140446,1846513,6522096.0,7.0,0.0,4.0,0.0,5.0,0.0
14.551476,120.9895887,1,1,31.0,135897.063138909,440656,6963000.0,2.0,0.0,0.0,0.0,1.0,0.0
14.551476,120.9895887,1,1,19.0,135897.063138909,440656,4049000.0,2.0,0.0,0.0,0.0,1.0,0.0
14.551476,120.9895887,1,1,20.0,135897.063138909,440656,4363000.0,2.0,0.0,0.0,0.0,1.0,0.0
14.551476,120.9895887,2,2,64.0,135897.063138909,440656,18180400.0,2.0,0.0,0.0,0.0,1.0,0.0
14.55781,120.989,1,1,54.0,27898.3983181223,440656,12100000.0,0.0,0.0,1.0,0.0,0.0,0.0
14.55781,120.989,2,1,63.0,27898.3983181223,440656,12000000.0,0.0,0.0,1.0,0.0,0.0,0.0
14.55781,120.989,1,1,40.0,27898.3983181223,440656,8100000.0,0.0,0.0,1.0,0.0,0.0,0.0
14.55781,120.989,1,1,68.0,27898.3983181223,440656,11500000.0,0.0,0.0,1.0,0.0,0.0,0.0
14.55781,120.989,2,1,80.0,27898.3983181223,440656,14900000.0,0.0,0.0,1.0,0.0,0.0,0.0
14.547436,120.998485,1,1,21.0,34395.9869085359,440656,4500000.0,1.0,0.0,1.0,2.0,1.0,0.0
14.547436,120.998485,1,1,27.0,34395.9869085359,440656,4900000.0,1.0,0.0,1.0,2.0,1.0,0.0
14.547436,120.998485,2,2,62.0,34395.9869085359,440656,14500000.0,1.0,0.0,1.0,2.0,1.0,0.0
14.547436,120.998485,2,2,66.0,34395.9869085359,440656,15500000.0,1.0,0.0,1.0,2.0,1.0,0.0
14.547436,120.998485,2,2,66.0,34395.9869085359,440656,15500000.0,1.0,0.0,1.0,2.0,1.0,0.0
14.53747,120.9997968,1,1,40.0,51059.1183092913,440656,8625062.0,2.0,0.0,3.0,0.0,2.0,0.0
14.499387,121.025633,1,1,23.0,3125458.49589577,689992,4700000.0,13.0,4.0,7.0,2.0,3.0,3.0
14.499387,121.025633,2,1,58.0,3125458.49589577,689992,11600000.0,13.0,4.0,7.0,2.0,3.0,3.0
14.499387,121.025633,1,1,35.0,3125458.49589577,689992,7000000.0,13.0,4.0,7.0,2.0,3.0,3.0
14.499387,121.025633,2,1,58.0,3125458.49589577,689992,11600000.0,13.0,4.0,7.0,2.0,3.0,3.0
14.499387,121.025633,1,1,23.0,3125458.49589577,689992,4740000.0,13.0,4.0,7.0,2.0,3.0,3.0
14.499387,121.025633,1,1,23.0,3125458.49589577,689992,4740000.0,13.0,4.0,7.0,2.0,3.0,3.0
14.499387,121.025633,1,1,37.0,3125458.49589577,689992,7500000.0,13.0,4.0,7.0,2.0,3.0,3.0
14.499387,121.025633,1,1,37.0,3125458.49589577,689992,7500000.0,13.0,4.0,7.0,2.0,3.0,3.0
14.499387,121.025633,2,1,58.0,3125458.49589577,689992,11700000.0,13.0,4.0,7.0,2.0,3.0,3.0
14.7049986,120.98518,2,2,32.0,1152316.6791839,714978,3580000.0,0.0,0.0,0.0,0.0,1.0,0.0
14.7049986,120.98518,1,1,25.0,1152316.6791839,714978,2440000.0,0.0,0.0,0.0,0.0,1.0,0.0
14.7049986,120.98518,1,1,22.0,1152316.6791839,714978,2180000.0,0.0,0.0,0.0,0.0,1.0,0.0
14.7049986,120.98518,2,2,36.0,1152316.6791839,714978,4050000.0,0.0,0.0,0.0,0.0,1.0,0.0
14.7049986,120.98518,1,1,21.0,1152316.6791839,714978,2050000.0,0.0,0.0,0.0,0.0,1.0,0.0
14.7049986,120.98518,2,2,36.0,1152316.6791839,714978,4050000.0,0.0,0.0,0.0,0.0,1.0,0.0
14.54595,121.0494,1,1,37.0,3239743.88739361,629616,10000000.0,328.0,8.0,11.0,2.0,101.0,12.0
14.54595,121.0494,1,1,43.0,3239743.88739361,629616,13900000.0,328.0,8.0,11.0,2.0,101.0,12.0
